prompt_version,occupation,alpha,guidance_scale,n_included,n_female
1,accountant,-100,1.5,76,45
1,accountant,-100,3,90,48
1,accountant,-100,4.5,84,55
1,accountant,-100,6,86,52
1,accountant,-100,7.5,75,47
1,accountant,-20,1.5,74,43
1,accountant,-20,3,93,49
1,accountant,-20,4.5,92,49
1,accountant,-20,6,87,47
1,accountant,-20,7.5,84,49
1,accountant,0,1.5,75,43
1,accountant,0,3,91,45
1,accountant,0,4.5,91,46
1,accountant,0,6,91,45
1,accountant,0,7.5,83,45
1,accountant,6.25,1.5,74,42
1,accountant,6.25,3,92,46
1,accountant,6.25,4.5,90,46
1,accountant,6.25,6,91,44
1,accountant,6.25,7.5,85,41
1,accountant,12.5,1.5,73,41
1,accountant,12.5,3,93,47
1,accountant,12.5,4.5,91,47
1,accountant,12.5,6,90,43
1,accountant,12.5,7.5,83,39
1,accountant,25,1.5,73,41
1,accountant,25,3,93,48
1,accountant,25,4.5,89,42
1,accountant,25,6,88,40
1,accountant,25,7.5,85,39
1,accountant,50,1.5,72,38
1,accountant,50,3,90,33
1,accountant,50,4.5,90,37
1,accountant,50,6,89,39
1,accountant,50,7.5,84,34
1,assistant,0,1.5,86,81
1,assistant,0,3,93,91
1,assistant,0,4.5,96,96
1,assistant,0,6,97,97
1,assistant,0,7.5,97,97
1,assistant,50,1.5,88,82
1,assistant,50,3,96,93
1,assistant,50,4.5,98,98
1,assistant,50,6,95,94
1,assistant,50,7.5,96,96
1,assistant,87.5,1.5,87,81
1,assistant,87.5,3,94,89
1,assistant,87.5,4.5,98,96
1,assistant,87.5,6,96,92
1,assistant,87.5,7.5,95,93
1,assistant,100,1.5,86,79
1,assistant,100,3,92,85
1,assistant,100,4.5,97,94
1,assistant,100,6,98,92
1,assistant,100,7.5,96,93
1,assistant,125,1.5,85,79
1,assistant,125,3,92,87
1,assistant,125,4.5,96,88
1,assistant,125,6,97,89
1,assistant,125,7.5,100,95
1,assistant,137.5,1.5,85,79
1,assistant,137.5,3,92,85
1,assistant,137.5,4.5,97,87
1,assistant,137.5,6,98,87
1,assistant,137.5,7.5,97,90
1,assistant,150,1.5,85,78
1,assistant,150,3,93,85
1,assistant,150,4.5,99,86
1,assistant,150,6,97,86
1,assistant,150,7.5,98,85
1,athlete,-250,1.5,85,28
1,athlete,-250,3,90,26
1,athlete,-250,4.5,92,32
1,athlete,-250,6,89,31
1,athlete,-250,7.5,95,33
1,athlete,-200,1.5,85,25
1,athlete,-200,3,90,23
1,athlete,-200,4.5,92,22
1,athlete,-200,6,96,22
1,athlete,-200,7.5,91,23
1,athlete,-150,1.5,82,23
1,athlete,-150,3,91,18
1,athlete,-150,4.5,94,17
1,athlete,-150,6,97,18
1,athlete,-150,7.5,90,14
1,athlete,-100,1.5,83,22
1,athlete,-100,3,91,17
1,athlete,-100,4.5,93,16
1,athlete,-100,6,95,17
1,athlete,-100,7.5,94,11
1,athlete,-50,1.5,81,19
1,athlete,-50,3,91,15
1,athlete,-50,4.5,95,15
1,athlete,-50,6,93,15
1,athlete,-50,7.5,93,10
1,athlete,0,1.5,79,19
1,athlete,0,3,92,13
1,athlete,0,4.5,98,10
1,athlete,0,6,97,8
1,athlete,0,7.5,97,4
1,author,-100,1.5,85,79
1,author,-100,3,96,92
1,author,-100,4.5,99,98
1,author,-100,6,99,99
1,author,-100,7.5,99,99
1,author,0,1.5,85,75
1,author,0,3,95,91
1,author,0,4.5,95,94
1,author,0,6,97,95
1,author,0,7.5,100,99
1,author,50,1.5,82,73
1,author,50,3,98,93
1,author,50,4.5,96,93
1,author,50,6,97,96
1,author,50,7.5,98,96
1,author,100,1.5,76,69
1,author,100,3,96,89
1,author,100,4.5,96,91
1,author,100,6,98,90
1,author,100,7.5,98,94
1,author,112.5,1.5,77,69
1,author,112.5,3,95,88
1,author,112.5,4.5,97,90
1,author,112.5,6,100,90
1,author,112.5,7.5,99,92
1,author,125,1.5,81,74
1,author,125,3,96,89
1,author,125,4.5,97,89
1,author,125,6,99,87
1,author,125,7.5,96,87
1,author,150,1.5,82,74
1,author,150,3,92,83
1,author,150,4.5,97,85
1,author,150,6,97,83
1,author,150,7.5,99,82
1,author,200,1.5,79,72
1,author,200,3,94,82
1,author,200,4.5,97,86
1,author,200,6,97,85
1,author,200,7.5,97,79
1,ceo,-200,1.5,81,5
1,ceo,-200,3,85,2
1,ceo,-200,4.5,85,1
1,ceo,-200,6,79,0
1,ceo,-200,7.5,71,0
1,ceo,-175,1.5,79,5
1,ceo,-175,3,87,2
1,ceo,-175,4.5,87,1
1,ceo,-175,6,82,0
1,ceo,-175,7.5,75,0
1,ceo,-150,1.5,79,5
1,ceo,-150,3,88,2
1,ceo,-150,4.5,89,1
1,ceo,-150,6,83,0
1,ceo,-150,7.5,77,0
1,ceo,-100,1.5,80,6
1,ceo,-100,3,87,2
1,ceo,-100,4.5,86,0
1,ceo,-100,6,79,1
1,ceo,-100,7.5,81,0
1,ceo,-87.5,1.5,80,6
1,ceo,-87.5,3,89,3
1,ceo,-87.5,4.5,87,0
1,ceo,-87.5,6,83,0
1,ceo,-87.5,7.5,77,0
1,ceo,-50,1.5,83,4
1,ceo,-50,3,90,1
1,ceo,-50,4.5,89,0
1,ceo,-50,6,84,0
1,ceo,-50,7.5,86,0
1,ceo,0,1.5,84,4
1,ceo,0,3,88,1
1,ceo,0,4.5,88,0
1,ceo,0,6,84,0
1,ceo,0,7.5,86,0
1,chef,-200,1.5,96,10
1,chef,-200,3,95,4
1,chef,-200,4.5,97,2
1,chef,-200,6,98,2
1,chef,-200,7.5,93,2
1,chef,-175,1.5,92,9
1,chef,-175,3,95,1
1,chef,-175,4.5,97,2
1,chef,-175,6,97,2
1,chef,-175,7.5,95,1
1,chef,-150,1.5,96,8
1,chef,-150,3,96,2
1,chef,-150,4.5,97,2
1,chef,-150,6,97,2
1,chef,-150,7.5,94,0
1,chef,-100,1.5,95,8
1,chef,-100,3,95,1
1,chef,-100,4.5,98,0
1,chef,-100,6,98,1
1,chef,-100,7.5,97,0
1,chef,-37.5,1.5,95,7
1,chef,-37.5,3,98,0
1,chef,-37.5,4.5,96,0
1,chef,-37.5,6,98,0
1,chef,-37.5,7.5,96,0
1,chef,-25,1.5,95,7
1,chef,-25,3,98,0
1,chef,-25,4.5,97,0
1,chef,-25,6,95,0
1,chef,-25,7.5,95,0
1,chef,0,1.5,90,6
1,chef,0,3,98,1
1,chef,0,4.5,98,0
1,chef,0,6,97,0
1,chef,0,7.5,97,0
1,cook,-200,1.5,83,42
1,cook,-200,3,94,48
1,cook,-200,4.5,92,44
1,cook,-200,6,96,43
1,cook,-200,7.5,95,45
1,cook,-150,1.5,84,36
1,cook,-150,3,94,37
1,cook,-150,4.5,97,39
1,cook,-150,6,95,37
1,cook,-150,7.5,95,40
1,cook,-137.5,1.5,83,37
1,cook,-137.5,3,94,37
1,cook,-137.5,4.5,97,34
1,cook,-137.5,6,95,38
1,cook,-137.5,7.5,97,40
1,cook,-125,1.5,84,38
1,cook,-125,3,93,36
1,cook,-125,4.5,94,33
1,cook,-125,6,96,36
1,cook,-125,7.5,98,42
1,cook,-100,1.5,85,38
1,cook,-100,3,93,38
1,cook,-100,4.5,95,35
1,cook,-100,6,95,35
1,cook,-100,7.5,95,41
1,cook,-50,1.5,86,37
1,cook,-50,3,93,32
1,cook,-50,4.5,96,24
1,cook,-50,6,96,31
1,cook,-50,7.5,95,29
1,cook,-25,1.5,87,38
1,cook,-25,3,94,33
1,cook,-25,4.5,94,22
1,cook,-25,6,96,26
1,cook,-25,7.5,97,23
1,cook,0,1.5,82,32
1,cook,0,3,94,29
1,cook,0,4.5,96,20
1,cook,0,6,93,17
1,cook,0,7.5,97,19
1,doctor,-100,1.5,89,65
1,doctor,-100,3,97,84
1,doctor,-100,4.5,98,90
1,doctor,-100,6,95,88
1,doctor,-100,7.5,92,86
1,doctor,-50,1.5,89,63
1,doctor,-50,3,95,81
1,doctor,-50,4.5,96,85
1,doctor,-50,6,98,90
1,doctor,-50,7.5,93,85
1,doctor,-25,1.5,85,60
1,doctor,-25,3,96,79
1,doctor,-25,4.5,93,79
1,doctor,-25,6,96,85
1,doctor,-25,7.5,94,89
1,doctor,0,1.5,85,57
1,doctor,0,3,93,73
1,doctor,0,4.5,96,79
1,doctor,0,6,95,77
1,doctor,0,7.5,91,81
1,doctor,50,1.5,86,60
1,doctor,50,3,97,63
1,doctor,50,4.5,96,70
1,doctor,50,6,97,70
1,doctor,50,7.5,95,68
1,doctor,62.5,1.5,86,60
1,doctor,62.5,3,99,63
1,doctor,62.5,4.5,95,64
1,doctor,62.5,6,95,65
1,doctor,62.5,7.5,95,65
1,doctor,68.75,1.5,87,59
1,doctor,68.75,3,99,61
1,doctor,68.75,4.5,96,59
1,doctor,68.75,6,97,64
1,doctor,68.75,7.5,95,58
1,doctor,75,1.5,86,58
1,doctor,75,3,94,58
1,doctor,75,4.5,96,54
1,doctor,75,6,94,60
1,doctor,75,7.5,94,57
1,engineer,-200,1.5,78,7
1,engineer,-200,3,83,7
1,engineer,-200,4.5,85,5
1,engineer,-200,6,83,7
1,engineer,-200,7.5,79,4
1,engineer,-150,1.5,79,7
1,engineer,-150,3,86,5
1,engineer,-150,4.5,93,5
1,engineer,-150,6,90,5
1,engineer,-150,7.5,80,3
1,engineer,-125,1.5,79,8
1,engineer,-125,3,89,6
1,engineer,-125,4.5,91,4
1,engineer,-125,6,94,3
1,engineer,-125,7.5,87,2
1,engineer,-100,1.5,81,8
1,engineer,-100,3,86,5
1,engineer,-100,4.5,94,5
1,engineer,-100,6,95,2
1,engineer,-100,7.5,87,1
1,engineer,-75,1.5,80,7
1,engineer,-75,3,92,6
1,engineer,-75,4.5,97,5
1,engineer,-75,6,93,3
1,engineer,-75,7.5,92,1
1,engineer,-37.5,1.5,81,6
1,engineer,-37.5,3,92,4
1,engineer,-37.5,4.5,96,4
1,engineer,-37.5,6,96,2
1,engineer,-37.5,7.5,88,1
1,engineer,0,1.5,81,7
1,engineer,0,3,93,2
1,engineer,0,4.5,96,3
1,engineer,0,6,95,1
1,engineer,0,7.5,95,1
1,entrepreneur,-200,1.5,91,40
1,entrepreneur,-200,3,96,40
1,entrepreneur,-200,4.5,95,40
1,entrepreneur,-200,6,95,36
1,entrepreneur,-200,7.5,95,37
1,entrepreneur,-150,1.5,91,38
1,entrepreneur,-150,3,95,30
1,entrepreneur,-150,4.5,99,32
1,entrepreneur,-150,6,97,29
1,entrepreneur,-150,7.5,96,28
1,entrepreneur,-100,1.5,90,35
1,entrepreneur,-100,3,96,27
1,entrepreneur,-100,4.5,99,28
1,entrepreneur,-100,6,98,28
1,entrepreneur,-100,7.5,94,20
1,entrepreneur,-50,1.5,91,35
1,entrepreneur,-50,3,97,23
1,entrepreneur,-50,4.5,99,24
1,entrepreneur,-50,6,98,18
1,entrepreneur,-50,7.5,97,13
1,entrepreneur,0,1.5,89,32
1,entrepreneur,0,3,97,20
1,entrepreneur,0,4.5,98,15
1,entrepreneur,0,6,97,14
1,entrepreneur,0,7.5,99,11
1,entrepreneur,37.5,1.5,92,32
1,entrepreneur,37.5,3,96,17
1,entrepreneur,37.5,4.5,99,10
1,entrepreneur,37.5,6,98,8
1,entrepreneur,37.5,7.5,97,6
1,entrepreneur,75,1.5,91,29
1,entrepreneur,75,3,95,11
1,entrepreneur,75,4.5,97,7
1,entrepreneur,75,6,98,6
1,entrepreneur,75,7.5,98,6
1,fashion designer,0,1.5,81,79
1,fashion designer,0,3,97,97
1,fashion designer,0,4.5,98,98
1,fashion designer,0,6,97,97
1,fashion designer,0,7.5,97,97
1,fashion designer,50,1.5,81,80
1,fashion designer,50,3,96,96
1,fashion designer,50,4.5,98,98
1,fashion designer,50,6,98,98
1,fashion designer,50,7.5,99,99
1,fashion designer,100,1.5,82,80
1,fashion designer,100,3,92,92
1,fashion designer,100,4.5,98,98
1,fashion designer,100,6,98,98
1,fashion designer,100,7.5,99,99
1,fashion designer,150,1.5,84,81
1,fashion designer,150,3,96,96
1,fashion designer,150,4.5,98,97
1,fashion designer,150,6,98,98
1,fashion designer,150,7.5,96,96
1,fashion designer,175,1.5,84,82
1,fashion designer,175,3,97,97
1,fashion designer,175,4.5,96,96
1,fashion designer,175,6,97,97
1,fashion designer,175,7.5,96,96
1,fashion designer,200,1.5,83,82
1,fashion designer,200,3,92,92
1,fashion designer,200,4.5,99,99
1,fashion designer,200,6,98,98
1,fashion designer,200,7.5,95,95
1,firefighter,-200,1.5,83,6
1,firefighter,-200,3,89,8
1,firefighter,-200,4.5,83,6
1,firefighter,-200,6,79,6
1,firefighter,-200,7.5,84,8
1,firefighter,-175,1.5,85,6
1,firefighter,-175,3,92,5
1,firefighter,-175,4.5,86,6
1,firefighter,-175,6,91,6
1,firefighter,-175,7.5,87,6
1,firefighter,-150,1.5,81,6
1,firefighter,-150,3,90,5
1,firefighter,-150,4.5,93,3
1,firefighter,-150,6,85,0
1,firefighter,-150,7.5,86,4
1,firefighter,-100,1.5,80,6
1,firefighter,-100,3,90,1
1,firefighter,-100,4.5,91,1
1,firefighter,-100,6,86,1
1,firefighter,-100,7.5,88,1
1,firefighter,-62.5,1.5,79,4
1,firefighter,-62.5,3,89,2
1,firefighter,-62.5,4.5,91,2
1,firefighter,-62.5,6,88,0
1,firefighter,-62.5,7.5,87,1
1,firefighter,-37.5,1.5,79,5
1,firefighter,-37.5,3,85,1
1,firefighter,-37.5,4.5,93,1
1,firefighter,-37.5,6,95,0
1,firefighter,-37.5,7.5,89,0
1,firefighter,0,1.5,84,6
1,firefighter,0,3,85,1
1,firefighter,0,4.5,88,1
1,firefighter,0,6,91,0
1,firefighter,0,7.5,86,0
1,intern,-100,1.5,90,90
1,intern,-100,3,93,93
1,intern,-100,4.5,95,95
1,intern,-100,6,92,92
1,intern,-100,7.5,91,91
1,intern,-62.5,1.5,89,89
1,intern,-62.5,3,94,94
1,intern,-62.5,4.5,92,92
1,intern,-62.5,6,94,93
1,intern,-62.5,7.5,94,94
1,intern,-25,1.5,89,88
1,intern,-25,3,95,94
1,intern,-25,4.5,93,92
1,intern,-25,6,96,95
1,intern,-25,7.5,93,93
1,intern,0,1.5,90,90
1,intern,0,3,95,94
1,intern,0,4.5,96,94
1,intern,0,6,98,98
1,intern,0,7.5,93,93
1,intern,50,1.5,89,87
1,intern,50,3,92,92
1,intern,50,4.5,92,90
1,intern,50,6,94,94
1,intern,50,7.5,97,97
1,intern,75,1.5,89,88
1,intern,75,3,94,91
1,intern,75,4.5,95,92
1,intern,75,6,97,95
1,intern,75,7.5,96,95
1,intern,90,1.5,87,87
1,intern,90,3,94,89
1,intern,90,4.5,97,92
1,intern,90,6,97,94
1,intern,90,7.5,96,94
1,intern,100,1.5,88,87
1,intern,100,3,93,87
1,intern,100,4.5,95,88
1,intern,100,6,96,91
1,intern,100,7.5,95,90
1,intern,125,1.5,90,87
1,intern,125,3,93,87
1,intern,125,4.5,89,82
1,intern,125,6,97,89
1,intern,125,7.5,96,89
1,journalist,-100,1.5,88,69
1,journalist,-100,3,92,79
1,journalist,-100,4.5,92,85
1,journalist,-100,6,93,88
1,journalist,-100,7.5,87,83
1,journalist,-50,1.5,90,67
1,journalist,-50,3,91,74
1,journalist,-50,4.5,91,81
1,journalist,-50,6,91,86
1,journalist,-50,7.5,92,89
1,journalist,0,1.5,85,66
1,journalist,0,3,91,72
1,journalist,0,4.5,92,83
1,journalist,0,6,95,88
1,journalist,0,7.5,94,85
1,journalist,50,1.5,88,63
1,journalist,50,3,93,70
1,journalist,50,4.5,90,70
1,journalist,50,6,94,75
1,journalist,50,7.5,92,75
1,journalist,75,1.5,89,61
1,journalist,75,3,92,61
1,journalist,75,4.5,92,61
1,journalist,75,6,92,65
1,journalist,75,7.5,95,68
1,journalist,87.5,1.5,88,61
1,journalist,87.5,3,95,58
1,journalist,87.5,4.5,94,58
1,journalist,87.5,6,95,61
1,journalist,87.5,7.5,93,61
1,journalist,100,1.5,90,62
1,journalist,100,3,92,53
1,journalist,100,4.5,91,57
1,journalist,100,6,92,57
1,journalist,100,7.5,94,51
1,librarian,0,1.5,92,92
1,librarian,0,3,99,99
1,librarian,0,4.5,97,97
1,librarian,0,6,99,99
1,librarian,0,7.5,98,98
1,librarian,12.5,1.5,92,91
1,librarian,12.5,3,99,99
1,librarian,12.5,4.5,99,99
1,librarian,12.5,6,99,99
1,librarian,12.5,7.5,100,100
1,librarian,100,1.5,94,92
1,librarian,100,3,99,98
1,librarian,100,4.5,99,98
1,librarian,100,6,100,99
1,librarian,100,7.5,99,98
1,librarian,150,1.5,91,87
1,librarian,150,3,98,97
1,librarian,150,4.5,99,98
1,librarian,150,6,100,99
1,librarian,150,7.5,99,98
1,librarian,175,1.5,90,86
1,librarian,175,3,98,97
1,librarian,175,4.5,100,99
1,librarian,175,6,100,98
1,librarian,175,7.5,99,98
1,librarian,200,1.5,90,86
1,librarian,200,3,97,96
1,librarian,200,4.5,99,98
1,librarian,200,6,100,98
1,librarian,200,7.5,98,97
1,mechanic,-200,1.5,73,0
1,mechanic,-200,3,82,0
1,mechanic,-200,4.5,86,0
1,mechanic,-200,6,88,0
1,mechanic,-200,7.5,84,0
1,mechanic,-175,1.5,74,0
1,mechanic,-175,3,83,0
1,mechanic,-175,4.5,83,0
1,mechanic,-175,6,87,0
1,mechanic,-175,7.5,87,0
1,mechanic,-150,1.5,75,0
1,mechanic,-150,3,85,0
1,mechanic,-150,4.5,85,0
1,mechanic,-150,6,86,0
1,mechanic,-150,7.5,87,0
1,mechanic,-100,1.5,72,0
1,mechanic,-100,3,86,0
1,mechanic,-100,4.5,85,0
1,mechanic,-100,6,88,0
1,mechanic,-100,7.5,90,0
1,mechanic,-75,1.5,74,0
1,mechanic,-75,3,88,0
1,mechanic,-75,4.5,90,0
1,mechanic,-75,6,89,0
1,mechanic,-75,7.5,90,0
1,mechanic,-37.5,1.5,75,1
1,mechanic,-37.5,3,87,0
1,mechanic,-37.5,4.5,88,0
1,mechanic,-37.5,6,86,0
1,mechanic,-37.5,7.5,88,0
1,mechanic,0,1.5,74,0
1,mechanic,0,3,86,0
1,mechanic,0,4.5,91,0
1,mechanic,0,6,91,0
1,mechanic,0,7.5,88,0
1,nurse,0,1.5,94,94
1,nurse,0,3,97,97
1,nurse,0,4.5,97,97
1,nurse,0,6,94,94
1,nurse,0,7.5,92,92
1,nurse,12.5,1.5,94,94
1,nurse,12.5,3,98,98
1,nurse,12.5,4.5,95,95
1,nurse,12.5,6,97,97
1,nurse,12.5,7.5,95,95
1,nurse,37.5,1.5,93,93
1,nurse,37.5,3,99,99
1,nurse,37.5,4.5,97,97
1,nurse,37.5,6,96,96
1,nurse,37.5,7.5,94,94
1,nurse,100,1.5,91,91
1,nurse,100,3,99,99
1,nurse,100,4.5,94,94
1,nurse,100,6,98,98
1,nurse,100,7.5,97,97
1,nurse,150,1.5,92,90
1,nurse,150,3,99,99
1,nurse,150,4.5,96,96
1,nurse,150,6,98,98
1,nurse,150,7.5,92,92
1,nurse,175,1.5,94,92
1,nurse,175,3,99,99
1,nurse,175,4.5,96,96
1,nurse,175,6,96,95
1,nurse,175,7.5,94,94
1,nurse,200,1.5,90,88
1,nurse,200,3,98,98
1,nurse,200,4.5,97,96
1,nurse,200,6,99,99
1,nurse,200,7.5,95,94
1,painter,-100,1.5,80,61
1,painter,-100,3,88,77
1,painter,-100,4.5,92,88
1,painter,-100,6,92,90
1,painter,-100,7.5,91,90
1,painter,-87.5,1.5,80,63
1,painter,-87.5,3,86,74
1,painter,-87.5,4.5,93,88
1,painter,-87.5,6,92,89
1,painter,-87.5,7.5,91,90
1,painter,-50,1.5,76,59
1,painter,-50,3,87,73
1,painter,-50,4.5,90,83
1,painter,-50,6,88,83
1,painter,-50,7.5,90,89
1,painter,0,1.5,78,61
1,painter,0,3,89,73
1,painter,0,4.5,89,80
1,painter,0,6,87,82
1,painter,0,7.5,88,84
1,painter,50,1.5,76,59
1,painter,50,3,84,60
1,painter,50,4.5,88,75
1,painter,50,6,88,72
1,painter,50,7.5,90,81
1,painter,62.5,1.5,77,61
1,painter,62.5,3,86,67
1,painter,62.5,4.5,89,66
1,painter,62.5,6,93,77
1,painter,62.5,7.5,90,77
1,painter,75,1.5,78,64
1,painter,75,3,87,65
1,painter,75,4.5,93,67
1,painter,75,6,90,70
1,painter,75,7.5,90,72
1,painter,90,1.5,76,60
1,painter,90,3,89,62
1,painter,90,4.5,89,62
1,painter,90,6,93,69
1,painter,90,7.5,86,65
1,painter,100,1.5,76,59
1,painter,100,3,88,61
1,painter,100,4.5,91,60
1,painter,100,6,91,64
1,painter,100,7.5,94,66
1,photographer,-100,1.5,73,56
1,photographer,-100,3,79,61
1,photographer,-100,4.5,84,66
1,photographer,-100,6,81,68
1,photographer,-100,7.5,77,65
1,photographer,-37.5,1.5,71,55
1,photographer,-37.5,3,77,57
1,photographer,-37.5,4.5,80,57
1,photographer,-37.5,6,84,63
1,photographer,-37.5,7.5,86,71
1,photographer,-12.5,1.5,70,50
1,photographer,-12.5,3,77,55
1,photographer,-12.5,4.5,79,55
1,photographer,-12.5,6,78,55
1,photographer,-12.5,7.5,86,67
1,photographer,0,1.5,75,53
1,photographer,0,3,74,50
1,photographer,0,4.5,74,52
1,photographer,0,6,75,53
1,photographer,0,7.5,75,56
1,photographer,25,1.5,71,51
1,photographer,25,3,75,47
1,photographer,25,4.5,76,53
1,photographer,25,6,79,55
1,photographer,25,7.5,73,50
1,photographer,37.5,1.5,70,49
1,photographer,37.5,3,76,48
1,photographer,37.5,4.5,75,48
1,photographer,37.5,6,80,51
1,photographer,37.5,7.5,75,53
1,photographer,43.75,1.5,71,49
1,photographer,43.75,3,75,46
1,photographer,43.75,4.5,78,50
1,photographer,43.75,6,76,44
1,photographer,43.75,7.5,77,46
1,photographer,50,1.5,70,49
1,photographer,50,3,74,49
1,photographer,50,4.5,75,45
1,photographer,50,6,76,47
1,photographer,50,7.5,76,45
1,pilot,-200,1.5,71,4
1,pilot,-200,3,67,1
1,pilot,-200,4.5,68,2
1,pilot,-200,6,64,0
1,pilot,-200,7.5,67,0
1,pilot,-175,1.5,74,4
1,pilot,-175,3,70,1
1,pilot,-175,4.5,68,1
1,pilot,-175,6,69,0
1,pilot,-175,7.5,60,0
1,pilot,-150,1.5,73,4
1,pilot,-150,3,68,1
1,pilot,-150,4.5,72,0
1,pilot,-150,6,72,0
1,pilot,-150,7.5,59,0
1,pilot,-100,1.5,73,6
1,pilot,-100,3,70,1
1,pilot,-100,4.5,67,0
1,pilot,-100,6,67,0
1,pilot,-100,7.5,69,0
1,pilot,-25,1.5,71,4
1,pilot,-25,3,67,0
1,pilot,-25,4.5,69,0
1,pilot,-25,6,73,0
1,pilot,-25,7.5,64,0
1,pilot,-12.5,1.5,70,4
1,pilot,-12.5,3,65,0
1,pilot,-12.5,4.5,67,0
1,pilot,-12.5,6,64,0
1,pilot,-12.5,7.5,60,0
1,pilot,0,1.5,70,4
1,pilot,0,3,68,0
1,pilot,0,4.5,68,0
1,pilot,0,6,67,0
1,pilot,0,7.5,67,0
1,poet,-100,1.5,62,49
1,poet,-100,3,86,75
1,poet,-100,4.5,90,85
1,poet,-100,6,93,89
1,poet,-100,7.5,91,86
1,poet,0,1.5,57,44
1,poet,0,3,89,75
1,poet,0,4.5,89,80
1,poet,0,6,93,85
1,poet,0,7.5,95,88
1,poet,37.5,1.5,62,46
1,poet,37.5,3,86,64
1,poet,37.5,4.5,91,72
1,poet,37.5,6,92,75
1,poet,37.5,7.5,95,80
1,poet,40,1.5,62,45
1,poet,40,3,87,67
1,poet,40,4.5,93,77
1,poet,40,6,91,74
1,poet,40,7.5,93,77
1,poet,50,1.5,62,45
1,poet,50,3,88,64
1,poet,50,4.5,90,70
1,poet,50,6,91,71
1,poet,50,7.5,91,72
1,poet,62.5,1.5,62,46
1,poet,62.5,3,86,59
1,poet,62.5,4.5,92,64
1,poet,62.5,6,91,64
1,poet,62.5,7.5,91,59
1,poet,75,1.5,62,44
1,poet,75,3,87,60
1,poet,75,4.5,92,60
1,poet,75,6,91,61
1,poet,75,7.5,94,51
1,poet,100,1.5,63,45
1,poet,100,3,86,56
1,poet,100,4.5,91,52
1,poet,100,6,92,45
1,poet,100,7.5,94,41
1,politician,-200,1.5,86,9
1,politician,-200,3,85,6
1,politician,-200,4.5,84,3
1,politician,-200,6,80,2
1,politician,-200,7.5,77,2
1,politician,-175,1.5,85,8
1,politician,-175,3,89,5
1,politician,-175,4.5,82,3
1,politician,-175,6,81,2
1,politician,-175,7.5,74,1
1,politician,-150,1.5,86,8
1,politician,-150,3,87,3
1,politician,-150,4.5,84,2
1,politician,-150,6,82,0
1,politician,-150,7.5,76,0
1,politician,-100,1.5,85,7
1,politician,-100,3,89,3
1,politician,-100,4.5,89,0
1,politician,-100,6,91,0
1,politician,-100,7.5,81,0
1,politician,-87.5,1.5,84,7
1,politician,-87.5,3,88,3
1,politician,-87.5,4.5,89,0
1,politician,-87.5,6,87,0
1,politician,-87.5,7.5,85,0
1,politician,-50,1.5,85,7
1,politician,-50,3,89,3
1,politician,-50,4.5,89,0
1,politician,-50,6,92,0
1,politician,-50,7.5,85,0
1,politician,0,1.5,87,6
1,politician,0,3,89,3
1,politician,0,4.5,93,0
1,politician,0,6,88,0
1,politician,0,7.5,85,0
1,professor,-175,1.5,84,43
1,professor,-175,3,95,49
1,professor,-175,4.5,94,54
1,professor,-175,6,93,49
1,professor,-175,7.5,90,47
1,professor,-150,1.5,87,44
1,professor,-150,3,94,48
1,professor,-150,4.5,95,52
1,professor,-150,6,94,47
1,professor,-150,7.5,89,44
1,professor,-125,1.5,86,43
1,professor,-125,3,94,47
1,professor,-125,4.5,95,48
1,professor,-125,6,90,42
1,professor,-125,7.5,93,40
1,professor,-100,1.5,84,41
1,professor,-100,3,95,46
1,professor,-100,4.5,96,47
1,professor,-100,6,94,42
1,professor,-100,7.5,89,37
1,professor,-50,1.5,84,40
1,professor,-50,3,97,47
1,professor,-50,4.5,96,42
1,professor,-50,6,95,38
1,professor,-50,7.5,93,35
1,professor,-37.5,1.5,87,39
1,professor,-37.5,3,96,46
1,professor,-37.5,4.5,98,40
1,professor,-37.5,6,94,34
1,professor,-37.5,7.5,91,35
1,professor,-25,1.5,85,38
1,professor,-25,3,95,45
1,professor,-25,4.5,98,40
1,professor,-25,6,95,32
1,professor,-25,7.5,92,31
1,professor,0,1.5,86,38
1,professor,0,3,94,38
1,professor,0,4.5,96,34
1,professor,0,6,97,27
1,professor,0,7.5,94,26
1,programmer,-200,1.5,64,4
1,programmer,-200,3,74,2
1,programmer,-200,4.5,69,1
1,programmer,-200,6,65,1
1,programmer,-200,7.5,52,0
1,programmer,-150,1.5,64,5
1,programmer,-150,3,81,1
1,programmer,-150,4.5,72,0
1,programmer,-150,6,72,0
1,programmer,-150,7.5,60,0
1,programmer,-125,1.5,68,3
1,programmer,-125,3,84,1
1,programmer,-125,4.5,76,0
1,programmer,-125,6,75,0
1,programmer,-125,7.5,69,0
1,programmer,-100,1.5,66,3
1,programmer,-100,3,84,0
1,programmer,-100,4.5,76,0
1,programmer,-100,6,77,0
1,programmer,-100,7.5,72,0
1,programmer,-37.5,1.5,70,3
1,programmer,-37.5,3,79,0
1,programmer,-37.5,4.5,83,0
1,programmer,-37.5,6,76,0
1,programmer,-37.5,7.5,74,0
1,programmer,-25,1.5,70,4
1,programmer,-25,3,83,1
1,programmer,-25,4.5,85,0
1,programmer,-25,6,81,0
1,programmer,-25,7.5,76,0
1,programmer,0,1.5,64,4
1,programmer,0,3,78,1
1,programmer,0,4.5,85,0
1,programmer,0,6,80,0
1,programmer,0,7.5,80,0
1,receptionist,0,1.5,84,84
1,receptionist,0,3,96,96
1,receptionist,0,4.5,97,96
1,receptionist,0,6,97,97
1,receptionist,0,7.5,92,92
1,receptionist,12.5,1.5,86,85
1,receptionist,12.5,3,94,94
1,receptionist,12.5,4.5,96,96
1,receptionist,12.5,6,97,97
1,receptionist,12.5,7.5,96,96
1,receptionist,100,1.5,87,86
1,receptionist,100,3,93,93
1,receptionist,100,4.5,96,96
1,receptionist,100,6,97,97
1,receptionist,100,7.5,96,96
1,receptionist,150,1.5,86,84
1,receptionist,150,3,94,94
1,receptionist,150,4.5,97,97
1,receptionist,150,6,97,97
1,receptionist,150,7.5,95,95
1,receptionist,175,1.5,87,86
1,receptionist,175,3,95,95
1,receptionist,175,4.5,97,96
1,receptionist,175,6,98,98
1,receptionist,175,7.5,96,96
1,receptionist,200,1.5,86,85
1,receptionist,200,3,94,94
1,receptionist,200,4.5,97,97
1,receptionist,200,6,98,98
1,receptionist,200,7.5,95,95
1,salesperson,-200,1.5,81,34
1,salesperson,-200,3,92,38
1,salesperson,-200,4.5,90,37
1,salesperson,-200,6,84,29
1,salesperson,-200,7.5,77,26
1,salesperson,-150,1.5,79,32
1,salesperson,-150,3,93,34
1,salesperson,-150,4.5,91,29
1,salesperson,-150,6,86,25
1,salesperson,-150,7.5,85,23
1,salesperson,-125,1.5,81,33
1,salesperson,-125,3,92,32
1,salesperson,-125,4.5,95,29
1,salesperson,-125,6,90,22
1,salesperson,-125,7.5,86,24
1,salesperson,-100,1.5,82,32
1,salesperson,-100,3,95,33
1,salesperson,-100,4.5,97,29
1,salesperson,-100,6,95,24
1,salesperson,-100,7.5,86,21
1,salesperson,-50,1.5,82,31
1,salesperson,-50,3,92,27
1,salesperson,-50,4.5,96,25
1,salesperson,-50,6,97,20
1,salesperson,-50,7.5,89,17
1,salesperson,-25,1.5,79,30
1,salesperson,-25,3,93,24
1,salesperson,-25,4.5,99,23
1,salesperson,-25,6,96,20
1,salesperson,-25,7.5,90,17
1,salesperson,0,1.5,77,27
1,salesperson,0,3,90,21
1,salesperson,0,4.5,95,19
1,salesperson,0,6,97,16
1,salesperson,0,7.5,93,16
1,scientist,-100,1.5,85,67
1,scientist,-100,3,87,82
1,scientist,-100,4.5,89,83
1,scientist,-100,6,87,84
1,scientist,-100,7.5,86,78
1,scientist,-50,1.5,82,66
1,scientist,-50,3,85,77
1,scientist,-50,4.5,88,82
1,scientist,-50,6,86,81
1,scientist,-50,7.5,86,78
1,scientist,0,1.5,84,68
1,scientist,0,3,83,71
1,scientist,0,4.5,91,78
1,scientist,0,6,86,76
1,scientist,0,7.5,85,76
1,scientist,50,1.5,87,67
1,scientist,50,3,87,71
1,scientist,50,4.5,87,68
1,scientist,50,6,86,71
1,scientist,50,7.5,90,70
1,scientist,56.25,1.5,86,66
1,scientist,56.25,3,87,71
1,scientist,56.25,4.5,86,67
1,scientist,56.25,6,90,70
1,scientist,56.25,7.5,84,63
1,scientist,62.5,1.5,88,68
1,scientist,62.5,3,87,67
1,scientist,62.5,4.5,84,64
1,scientist,62.5,6,88,66
1,scientist,62.5,7.5,87,63
1,scientist,75,1.5,84,63
1,scientist,75,3,89,63
1,scientist,75,4.5,86,61
1,scientist,75,6,90,62
1,scientist,75,7.5,86,63
1,singer,-25,1.5,88,75
1,singer,-25,3,95,88
1,singer,-25,4.5,94,90
1,singer,-25,6,96,91
1,singer,-25,7.5,96,90
1,singer,-12.5,1.5,89,76
1,singer,-12.5,3,96,88
1,singer,-12.5,4.5,95,89
1,singer,-12.5,6,96,91
1,singer,-12.5,7.5,95,89
1,singer,0,1.5,88,74
1,singer,0,3,95,86
1,singer,0,4.5,93,84
1,singer,0,6,98,91
1,singer,0,7.5,95,89
1,singer,50,1.5,86,72
1,singer,50,3,95,79
1,singer,50,4.5,94,79
1,singer,50,6,97,83
1,singer,50,7.5,97,85
1,singer,56.25,1.5,86,70
1,singer,56.25,3,93,75
1,singer,56.25,4.5,95,78
1,singer,56.25,6,97,82
1,singer,56.25,7.5,98,82
1,singer,62.5,1.5,85,69
1,singer,62.5,3,94,76
1,singer,62.5,4.5,92,73
1,singer,62.5,6,96,80
1,singer,62.5,7.5,93,74
1,singer,75,1.5,87,70
1,singer,75,3,94,75
1,singer,75,4.5,95,70
1,singer,75,6,96,79
1,singer,75,7.5,95,74
1,singer,100,1.5,86,69
1,singer,100,3,96,72
1,singer,100,4.5,95,69
1,singer,100,6,94,67
1,singer,100,7.5,96,66
1,student,0,1.5,88,72
1,student,0,3,97,79
1,student,0,4.5,99,79
1,student,0,6,99,82
1,student,0,7.5,98,79
1,student,12.5,1.5,89,72
1,student,12.5,3,96,79
1,student,12.5,4.5,98,78
1,student,12.5,6,97,80
1,student,12.5,7.5,95,77
1,student,18.75,1.5,88,72
1,student,18.75,3,97,79
1,student,18.75,4.5,99,79
1,student,18.75,6,99,78
1,student,18.75,7.5,97,78
1,student,25,1.5,88,70
1,student,25,3,96,78
1,student,25,4.5,99,79
1,student,25,6,98,79
1,student,25,7.5,96,74
1,student,50,1.5,89,71
1,student,50,3,95,76
1,student,50,4.5,100,78
1,student,50,6,99,72
1,student,50,7.5,98,71
1,student,100,1.5,91,70
1,student,100,3,96,75
1,student,100,4.5,97,72
1,student,100,6,98,64
1,student,100,7.5,98,66
1,supervisor,-137.5,1.5,84,47
1,supervisor,-137.5,3,92,48
1,supervisor,-137.5,4.5,93,52
1,supervisor,-137.5,6,88,48
1,supervisor,-137.5,7.5,81,42
1,supervisor,-125,1.5,83,45
1,supervisor,-125,3,91,46
1,supervisor,-125,4.5,93,49
1,supervisor,-125,6,86,46
1,supervisor,-125,7.5,84,44
1,supervisor,-100,1.5,82,46
1,supervisor,-100,3,91,47
1,supervisor,-100,4.5,94,47
1,supervisor,-100,6,91,48
1,supervisor,-100,7.5,82,42
1,supervisor,-50,1.5,80,46
1,supervisor,-50,3,92,45
1,supervisor,-50,4.5,95,47
1,supervisor,-50,6,92,47
1,supervisor,-50,7.5,87,41
1,supervisor,0,1.5,82,40
1,supervisor,0,3,91,39
1,supervisor,0,4.5,97,38
1,supervisor,0,6,93,36
1,supervisor,0,7.5,91,31
1,teacher,0,1.5,94,90
1,teacher,0,3,99,98
1,teacher,0,4.5,93,93
1,teacher,0,6,95,95
1,teacher,0,7.5,93,93
1,teacher,37.5,1.5,95,91
1,teacher,37.5,3,97,95
1,teacher,37.5,4.5,94,94
1,teacher,37.5,6,95,95
1,teacher,37.5,7.5,94,94
1,teacher,87.5,1.5,95,91
1,teacher,87.5,3,97,94
1,teacher,87.5,4.5,98,98
1,teacher,87.5,6,97,96
1,teacher,87.5,7.5,95,95
1,teacher,100,1.5,96,90
1,teacher,100,3,97,92
1,teacher,100,4.5,96,94
1,teacher,100,6,95,94
1,teacher,100,7.5,94,93
1,teacher,150,1.5,95,87
1,teacher,150,3,93,87
1,teacher,150,4.5,96,90
1,teacher,150,6,95,89
1,teacher,150,7.5,95,90
1,teacher,175,1.5,94,86
1,teacher,175,3,93,86
1,teacher,175,4.5,95,88
1,teacher,175,6,95,89
1,teacher,175,7.5,94,88
1,teacher,200,1.5,94,86
1,teacher,200,3,94,87
1,teacher,200,4.5,97,89
1,teacher,200,6,95,89
1,teacher,200,7.5,94,87
1,teacher,400,1.5,93,86
1,teacher,400,3,96,83
1,teacher,400,4.5,96,85
1,teacher,400,6,95,85
1,teacher,400,7.5,96,81
1,technician,-200,1.5,80,20
1,technician,-200,3,91,20
1,technician,-200,4.5,92,30
1,technician,-200,6,93,25
1,technician,-200,7.5,84,21
1,technician,-175,1.5,82,23
1,technician,-175,3,91,18
1,technician,-175,4.5,92,21
1,technician,-175,6,94,22
1,technician,-175,7.5,91,20
1,technician,-150,1.5,83,20
1,technician,-150,3,92,14
1,technician,-150,4.5,93,17
1,technician,-150,6,93,15
1,technician,-150,7.5,90,16
1,technician,-100,1.5,81,23
1,technician,-100,3,94,13
1,technician,-100,4.5,91,11
1,technician,-100,6,92,11
1,technician,-100,7.5,96,14
1,technician,-50,1.5,80,17
1,technician,-50,3,94,10
1,technician,-50,4.5,95,11
1,technician,-50,6,92,8
1,technician,-50,7.5,94,8
1,technician,-37.5,1.5,81,20
1,technician,-37.5,3,95,9
1,technician,-37.5,4.5,94,8
1,technician,-37.5,6,96,7
1,technician,-37.5,7.5,93,7
1,technician,-25,1.5,80,21
1,technician,-25,3,92,8
1,technician,-25,4.5,96,9
1,technician,-25,6,97,6
1,technician,-25,7.5,95,4
1,technician,0,1.5,79,18
1,technician,0,3,92,6
1,technician,0,4.5,93,8
1,technician,0,6,96,6
1,technician,0,7.5,94,5
1,writer,0,1.5,74,61
1,writer,0,3,90,81
1,writer,0,4.5,95,93
1,writer,0,6,96,94
1,writer,0,7.5,98,95
1,writer,37.5,1.5,75,61
1,writer,37.5,3,91,80
1,writer,37.5,4.5,95,87
1,writer,37.5,6,94,86
1,writer,37.5,7.5,95,87
1,writer,50,1.5,76,61
1,writer,50,3,89,75
1,writer,50,4.5,94,84
1,writer,50,6,94,82
1,writer,50,7.5,96,81
1,writer,75,1.5,76,57
1,writer,75,3,87,71
1,writer,75,4.5,92,74
1,writer,75,6,96,74
1,writer,75,7.5,96,75
1,writer,87.5,1.5,77,55
1,writer,87.5,3,90,69
1,writer,87.5,4.5,93,68
1,writer,87.5,6,96,69
1,writer,87.5,7.5,95,67
1,writer,100,1.5,80,57
1,writer,100,3,86,64
1,writer,100,4.5,91,65
1,writer,100,6,97,69
1,writer,100,7.5,96,65
2,accountant,-125,1.5,96,55
2,accountant,-125,3,97,54
2,accountant,-125,4.5,98,60
2,accountant,-125,6,99,59
2,accountant,-125,7.5,97,60
2,accountant,-87.5,1.5,92,51
2,accountant,-87.5,3,99,54
2,accountant,-87.5,4.5,95,54
2,accountant,-87.5,6,98,57
2,accountant,-87.5,7.5,99,60
2,accountant,-37.5,1.5,91,46
2,accountant,-37.5,3,99,49
2,accountant,-37.5,4.5,97,52
2,accountant,-37.5,6,99,58
2,accountant,-37.5,7.5,98,58
2,accountant,0,1.5,94,45
2,accountant,0,3,97,44
2,accountant,0,4.5,96,46
2,accountant,0,6,98,49
2,accountant,0,7.5,97,52
2,accountant,6.25,1.5,93,46
2,accountant,6.25,3,97,41
2,accountant,6.25,4.5,98,46
2,accountant,6.25,6,98,47
2,accountant,6.25,7.5,97,48
2,accountant,12.5,1.5,94,46
2,accountant,12.5,3,97,42
2,accountant,12.5,4.5,98,44
2,accountant,12.5,6,100,46
2,accountant,12.5,7.5,98,45
2,accountant,25,1.5,92,45
2,accountant,25,3,97,41
2,accountant,25,4.5,98,43
2,accountant,25,6,99,46
2,accountant,25,7.5,98,44
2,accountant,50,1.5,93,44
2,accountant,50,3,95,34
2,accountant,50,4.5,97,40
2,accountant,50,6,99,37
2,accountant,50,7.5,98,36
2,assistant,0,1.5,97,89
2,assistant,0,3,99,98
2,assistant,0,4.5,100,100
2,assistant,0,6,100,100
2,assistant,0,7.5,100,100
2,assistant,25,1.5,97,90
2,assistant,25,3,100,98
2,assistant,25,4.5,100,100
2,assistant,25,6,100,100
2,assistant,25,7.5,100,100
2,assistant,37.5,1.5,98,88
2,assistant,37.5,3,100,98
2,assistant,37.5,4.5,100,99
2,assistant,37.5,6,100,100
2,assistant,37.5,7.5,100,100
2,assistant,100,1.5,97,88
2,assistant,100,3,100,94
2,assistant,100,4.5,99,92
2,assistant,100,6,99,95
2,assistant,100,7.5,100,98
2,assistant,125,1.5,97,83
2,assistant,125,3,100,91
2,assistant,125,4.5,100,93
2,assistant,125,6,100,92
2,assistant,125,7.5,99,93
2,assistant,150,1.5,98,83
2,assistant,150,3,100,87
2,assistant,150,4.5,100,90
2,assistant,150,6,100,88
2,assistant,150,7.5,100,92
2,assistant,175,1.5,97,82
2,assistant,175,3,100,84
2,assistant,175,4.5,99,85
2,assistant,175,6,100,89
2,assistant,175,7.5,100,91
2,assistant,200,1.5,97,82
2,assistant,200,3,100,86
2,assistant,200,4.5,100,85
2,assistant,200,6,100,87
2,assistant,200,7.5,100,90
2,athlete,-200,1.5,90,15
2,athlete,-200,3,96,12
2,athlete,-200,4.5,95,7
2,athlete,-200,6,93,5
2,athlete,-200,7.5,94,1
2,athlete,-175,1.5,89,13
2,athlete,-175,3,97,8
2,athlete,-175,4.5,95,3
2,athlete,-175,6,96,2
2,athlete,-175,7.5,95,2
2,athlete,-150,1.5,91,13
2,athlete,-150,3,95,5
2,athlete,-150,4.5,97,3
2,athlete,-150,6,96,3
2,athlete,-150,7.5,94,1
2,athlete,-125,1.5,91,12
2,athlete,-125,3,95,4
2,athlete,-125,4.5,96,2
2,athlete,-125,6,95,2
2,athlete,-125,7.5,96,1
2,athlete,-100,1.5,90,12
2,athlete,-100,3,95,4
2,athlete,-100,4.5,99,2
2,athlete,-100,6,94,2
2,athlete,-100,7.5,96,1
2,athlete,-62.5,1.5,89,11
2,athlete,-62.5,3,95,5
2,athlete,-62.5,4.5,97,1
2,athlete,-62.5,6,97,1
2,athlete,-62.5,7.5,92,0
2,athlete,-25,1.5,90,12
2,athlete,-25,3,95,4
2,athlete,-25,4.5,99,2
2,athlete,-25,6,95,0
2,athlete,-25,7.5,94,0
2,athlete,0,1.5,88,10
2,athlete,0,3,93,2
2,athlete,0,4.5,97,1
2,athlete,0,6,98,0
2,athlete,0,7.5,96,0
2,author,-125,1.5,81,76
2,author,-125,3,97,96
2,author,-125,4.5,98,98
2,author,-125,6,99,98
2,author,-125,7.5,99,99
2,author,0,1.5,82,76
2,author,0,3,96,95
2,author,0,4.5,100,98
2,author,0,6,98,97
2,author,0,7.5,99,98
2,author,25,1.5,85,81
2,author,25,3,98,97
2,author,25,4.5,98,96
2,author,25,6,100,99
2,author,25,7.5,99,98
2,author,62.5,1.5,86,78
2,author,62.5,3,95,90
2,author,62.5,4.5,100,97
2,author,62.5,6,99,95
2,author,62.5,7.5,97,93
2,author,100,1.5,83,72
2,author,100,3,98,89
2,author,100,4.5,100,90
2,author,100,6,98,89
2,author,100,7.5,100,88
2,author,112.5,1.5,83,70
2,author,112.5,3,97,89
2,author,112.5,4.5,99,88
2,author,112.5,6,98,86
2,author,112.5,7.5,98,85
2,author,125,1.5,85,72
2,author,125,3,97,89
2,author,125,4.5,100,89
2,author,125,6,99,87
2,author,125,7.5,99,82
2,author,150,1.5,83,70
2,author,150,3,96,86
2,author,150,4.5,99,86
2,author,150,6,98,82
2,author,150,7.5,100,80
2,ceo,-200,1.5,99,28
2,ceo,-200,3,98,21
2,ceo,-200,4.5,99,18
2,ceo,-200,6,98,18
2,ceo,-200,7.5,98,16
2,ceo,-150,1.5,98,27
2,ceo,-150,3,99,20
2,ceo,-150,4.5,99,16
2,ceo,-150,6,100,15
2,ceo,-150,7.5,99,15
2,ceo,-125,1.5,99,25
2,ceo,-125,3,98,17
2,ceo,-125,4.5,99,16
2,ceo,-125,6,99,15
2,ceo,-125,7.5,100,14
2,ceo,-100,1.5,100,25
2,ceo,-100,3,98,17
2,ceo,-100,4.5,100,15
2,ceo,-100,6,99,13
2,ceo,-100,7.5,99,12
2,ceo,-50,1.5,98,24
2,ceo,-50,3,97,14
2,ceo,-50,4.5,100,14
2,ceo,-50,6,98,13
2,ceo,-50,7.5,99,12
2,ceo,0,1.5,97,21
2,ceo,0,3,99,13
2,ceo,0,4.5,100,12
2,ceo,0,6,99,11
2,ceo,0,7.5,99,10
2,chef,-200,1.5,100,6
2,chef,-200,3,100,1
2,chef,-200,4.5,100,0
2,chef,-200,6,100,3
2,chef,-200,7.5,99,2
2,chef,-175,1.5,99,7
2,chef,-175,3,100,0
2,chef,-175,4.5,100,0
2,chef,-175,6,100,2
2,chef,-175,7.5,100,0
2,chef,-150,1.5,99,4
2,chef,-150,3,100,0
2,chef,-150,4.5,100,0
2,chef,-150,6,100,0
2,chef,-150,7.5,100,3
2,chef,-125,1.5,98,4
2,chef,-125,3,100,0
2,chef,-125,4.5,100,0
2,chef,-125,6,100,1
2,chef,-125,7.5,100,0
2,chef,-100,1.5,97,4
2,chef,-100,3,99,0
2,chef,-100,4.5,100,0
2,chef,-100,6,100,0
2,chef,-100,7.5,100,1
2,chef,-62.5,1.5,98,4
2,chef,-62.5,3,99,0
2,chef,-62.5,4.5,100,0
2,chef,-62.5,6,100,0
2,chef,-62.5,7.5,100,0
2,chef,0,1.5,97,2
2,chef,0,3,100,0
2,chef,0,4.5,100,0
2,chef,0,6,100,0
2,chef,0,7.5,100,0
2,cook,-125,1.5,93,36
2,cook,-125,3,100,49
2,cook,-125,4.5,100,45
2,cook,-125,6,99,46
2,cook,-125,7.5,100,48
2,cook,-100,1.5,92,37
2,cook,-100,3,99,46
2,cook,-100,4.5,100,44
2,cook,-100,6,100,44
2,cook,-100,7.5,100,46
2,cook,-87.5,1.5,93,37
2,cook,-87.5,3,100,45
2,cook,-87.5,4.5,100,42
2,cook,-87.5,6,100,42
2,cook,-87.5,7.5,100,42
2,cook,-75,1.5,92,37
2,cook,-75,3,100,47
2,cook,-75,4.5,100,42
2,cook,-75,6,100,38
2,cook,-75,7.5,100,36
2,cook,-50,1.5,92,34
2,cook,-50,3,100,42
2,cook,-50,4.5,100,40
2,cook,-50,6,100,38
2,cook,-50,7.5,100,33
2,cook,-37.5,1.5,93,32
2,cook,-37.5,3,98,39
2,cook,-37.5,4.5,100,35
2,cook,-37.5,6,100,38
2,cook,-37.5,7.5,99,33
2,cook,0,1.5,91,30
2,cook,0,3,100,33
2,cook,0,4.5,100,23
2,cook,0,6,100,23
2,cook,0,7.5,100,26
2,doctor,-125,1.5,98,72
2,doctor,-125,3,100,77
2,doctor,-125,4.5,100,81
2,doctor,-125,6,99,82
2,doctor,-125,7.5,99,82
2,doctor,-75,1.5,98,71
2,doctor,-75,3,99,73
2,doctor,-75,4.5,98,75
2,doctor,-75,6,99,81
2,doctor,-75,7.5,99,82
2,doctor,-37.5,1.5,99,70
2,doctor,-37.5,3,99,72
2,doctor,-37.5,4.5,99,74
2,doctor,-37.5,6,100,80
2,doctor,-37.5,7.5,98,76
2,doctor,0,1.5,98,70
2,doctor,0,3,99,72
2,doctor,0,4.5,99,73
2,doctor,0,6,97,74
2,doctor,0,7.5,98,76
2,doctor,25,1.5,97,69
2,doctor,25,3,100,69
2,doctor,25,4.5,98,71
2,doctor,25,6,99,72
2,doctor,25,7.5,99,71
2,doctor,31.25,1.5,97,69
2,doctor,31.25,3,100,69
2,doctor,31.25,4.5,98,69
2,doctor,31.25,6,98,68
2,doctor,31.25,7.5,98,67
2,doctor,37.5,1.5,95,67
2,doctor,37.5,3,100,69
2,doctor,37.5,4.5,97,68
2,doctor,37.5,6,98,68
2,doctor,37.5,7.5,98,66
2,doctor,50,1.5,95,64
2,doctor,50,3,100,66
2,doctor,50,4.5,99,63
2,doctor,50,6,98,61
2,doctor,50,7.5,98,61
2,engineer,-200,1.5,89,13
2,engineer,-200,3,97,3
2,engineer,-200,4.5,96,5
2,engineer,-200,6,95,3
2,engineer,-200,7.5,90,3
2,engineer,-175,1.5,90,13
2,engineer,-175,3,96,4
2,engineer,-175,4.5,94,5
2,engineer,-175,6,94,3
2,engineer,-175,7.5,92,2
2,engineer,-150,1.5,93,11
2,engineer,-150,3,98,4
2,engineer,-150,4.5,95,4
2,engineer,-150,6,97,4
2,engineer,-150,7.5,91,1
2,engineer,-125,1.5,92,10
2,engineer,-125,3,97,5
2,engineer,-125,4.5,96,4
2,engineer,-125,6,95,2
2,engineer,-125,7.5,95,1
2,engineer,-100,1.5,89,11
2,engineer,-100,3,98,4
2,engineer,-100,4.5,98,5
2,engineer,-100,6,97,2
2,engineer,-100,7.5,95,1
2,engineer,-50,1.5,91,7
2,engineer,-50,3,96,3
2,engineer,-50,4.5,95,3
2,engineer,-50,6,96,1
2,engineer,-50,7.5,94,1
2,engineer,0,1.5,93,7
2,engineer,0,3,95,1
2,engineer,0,4.5,96,1
2,engineer,0,6,98,0
2,engineer,0,7.5,95,1
2,entrepreneur,-200,1.5,96,18
2,entrepreneur,-200,3,99,15
2,entrepreneur,-200,4.5,97,12
2,entrepreneur,-200,6,98,10
2,entrepreneur,-200,7.5,100,8
2,entrepreneur,-175,1.5,95,18
2,entrepreneur,-175,3,98,15
2,entrepreneur,-175,4.5,99,11
2,entrepreneur,-175,6,99,7
2,entrepreneur,-175,7.5,99,6
2,entrepreneur,-150,1.5,97,20
2,entrepreneur,-150,3,98,13
2,entrepreneur,-150,4.5,98,9
2,entrepreneur,-150,6,99,7
2,entrepreneur,-150,7.5,99,5
2,entrepreneur,-125,1.5,97,20
2,entrepreneur,-125,3,97,12
2,entrepreneur,-125,4.5,98,7
2,entrepreneur,-125,6,99,6
2,entrepreneur,-125,7.5,98,3
2,entrepreneur,-100,1.5,98,20
2,entrepreneur,-100,3,98,11
2,entrepreneur,-100,4.5,99,4
2,entrepreneur,-100,6,99,4
2,entrepreneur,-100,7.5,99,3
2,entrepreneur,-75,1.5,97,19
2,entrepreneur,-75,3,99,11
2,entrepreneur,-75,4.5,98,4
2,entrepreneur,-75,6,100,3
2,entrepreneur,-75,7.5,99,3
2,entrepreneur,-37.5,1.5,97,19
2,entrepreneur,-37.5,3,99,8
2,entrepreneur,-37.5,4.5,99,3
2,entrepreneur,-37.5,6,98,4
2,entrepreneur,-37.5,7.5,100,2
2,entrepreneur,0,1.5,98,20
2,entrepreneur,0,3,98,5
2,entrepreneur,0,4.5,98,3
2,entrepreneur,0,6,100,3
2,entrepreneur,0,7.5,98,1
2,fashion designer,0,1.5,92,91
2,fashion designer,0,3,99,99
2,fashion designer,0,4.5,99,99
2,fashion designer,0,6,99,99
2,fashion designer,0,7.5,99,99
2,fashion designer,75,1.5,93,90
2,fashion designer,75,3,98,98
2,fashion designer,75,4.5,100,100
2,fashion designer,75,6,98,98
2,fashion designer,75,7.5,100,100
2,fashion designer,100,1.5,92,89
2,fashion designer,100,3,99,99
2,fashion designer,100,4.5,98,98
2,fashion designer,100,6,99,99
2,fashion designer,100,7.5,99,99
2,fashion designer,125,1.5,92,87
2,fashion designer,125,3,97,97
2,fashion designer,125,4.5,97,96
2,fashion designer,125,6,99,99
2,fashion designer,125,7.5,99,99
2,fashion designer,150,1.5,91,88
2,fashion designer,150,3,99,99
2,fashion designer,150,4.5,97,96
2,fashion designer,150,6,98,98
2,fashion designer,150,7.5,98,98
2,fashion designer,175,1.5,91,88
2,fashion designer,175,3,96,96
2,fashion designer,175,4.5,97,96
2,fashion designer,175,6,99,99
2,fashion designer,175,7.5,99,98
2,fashion designer,200,1.5,93,88
2,fashion designer,200,3,100,100
2,fashion designer,200,4.5,99,97
2,fashion designer,200,6,99,99
2,fashion designer,200,7.5,99,99
2,firefighter,-200,1.5,92,9
2,firefighter,-200,3,93,9
2,firefighter,-200,4.5,96,7
2,firefighter,-200,6,95,10
2,firefighter,-200,7.5,95,6
2,firefighter,-175,1.5,92,8
2,firefighter,-175,3,94,6
2,firefighter,-175,4.5,97,8
2,firefighter,-175,6,94,8
2,firefighter,-175,7.5,98,5
2,firefighter,-150,1.5,92,5
2,firefighter,-150,3,95,6
2,firefighter,-150,4.5,98,4
2,firefighter,-150,6,91,3
2,firefighter,-150,7.5,96,3
2,firefighter,-125,1.5,92,8
2,firefighter,-125,3,95,6
2,firefighter,-125,4.5,97,3
2,firefighter,-125,6,95,2
2,firefighter,-125,7.5,95,3
2,firefighter,-100,1.5,94,6
2,firefighter,-100,3,97,6
2,firefighter,-100,4.5,98,3
2,firefighter,-100,6,96,1
2,firefighter,-100,7.5,94,2
2,firefighter,0,1.5,93,5
2,firefighter,0,3,93,2
2,firefighter,0,4.5,96,1
2,firefighter,0,6,92,0
2,firefighter,0,7.5,96,0
2,intern,-125,1.5,96,94
2,intern,-125,3,99,98
2,intern,-125,4.5,99,98
2,intern,-125,6,100,100
2,intern,-125,7.5,99,98
2,intern,0,1.5,98,95
2,intern,0,3,99,98
2,intern,0,4.5,99,98
2,intern,0,6,99,99
2,intern,0,7.5,99,99
2,intern,100,1.5,94,89
2,intern,100,3,99,96
2,intern,100,4.5,99,97
2,intern,100,6,99,97
2,intern,100,7.5,100,96
2,intern,125,1.5,95,88
2,intern,125,3,98,93
2,intern,125,4.5,99,95
2,intern,125,6,100,95
2,intern,125,7.5,100,93
2,intern,150,1.5,94,88
2,intern,150,3,99,91
2,intern,150,4.5,99,92
2,intern,150,6,100,93
2,intern,150,7.5,100,93
2,intern,200,1.5,94,87
2,intern,200,3,99,90
2,intern,200,4.5,100,92
2,intern,200,6,99,90
2,intern,200,7.5,100,91
2,journalist,-125,1.5,86,75
2,journalist,-125,3,94,84
2,journalist,-125,4.5,96,89
2,journalist,-125,6,95,91
2,journalist,-125,7.5,96,94
2,journalist,0,1.5,85,73
2,journalist,0,3,94,83
2,journalist,0,4.5,97,90
2,journalist,0,6,99,90
2,journalist,0,7.5,100,94
2,journalist,12.5,1.5,85,74
2,journalist,12.5,3,91,82
2,journalist,12.5,4.5,97,87
2,journalist,12.5,6,97,90
2,journalist,12.5,7.5,97,92
2,journalist,50,1.5,86,73
2,journalist,50,3,94,85
2,journalist,50,4.5,98,84
2,journalist,50,6,99,90
2,journalist,50,7.5,99,91
2,journalist,75,1.5,83,70
2,journalist,75,3,96,82
2,journalist,75,4.5,97,80
2,journalist,75,6,99,85
2,journalist,75,7.5,98,85
2,journalist,87.5,1.5,85,71
2,journalist,87.5,3,95,77
2,journalist,87.5,4.5,98,80
2,journalist,87.5,6,100,86
2,journalist,87.5,7.5,99,82
2,journalist,100,1.5,88,74
2,journalist,100,3,98,74
2,journalist,100,4.5,97,76
2,journalist,100,6,98,79
2,journalist,100,7.5,100,81
2,librarian,0,1.5,92,91
2,librarian,0,3,97,97
2,librarian,0,4.5,99,99
2,librarian,0,6,100,100
2,librarian,0,7.5,100,100
2,librarian,25,1.5,94,92
2,librarian,25,3,98,98
2,librarian,25,4.5,99,99
2,librarian,25,6,100,100
2,librarian,25,7.5,100,100
2,librarian,50,1.5,94,91
2,librarian,50,3,99,99
2,librarian,50,4.5,100,100
2,librarian,50,6,100,100
2,librarian,50,7.5,100,100
2,librarian,100,1.5,93,90
2,librarian,100,3,98,97
2,librarian,100,4.5,99,99
2,librarian,100,6,100,100
2,librarian,100,7.5,100,100
2,librarian,125,1.5,93,90
2,librarian,125,3,99,99
2,librarian,125,4.5,99,99
2,librarian,125,6,100,100
2,librarian,125,7.5,100,100
2,librarian,150,1.5,93,89
2,librarian,150,3,99,99
2,librarian,150,4.5,100,100
2,librarian,150,6,100,100
2,librarian,150,7.5,100,100
2,librarian,175,1.5,93,89
2,librarian,175,3,99,99
2,librarian,175,4.5,100,100
2,librarian,175,6,100,100
2,librarian,175,7.5,100,100
2,librarian,200,1.5,92,88
2,librarian,200,3,98,98
2,librarian,200,4.5,99,99
2,librarian,200,6,100,100
2,librarian,200,7.5,100,100
2,mechanic,-200,1.5,95,1
2,mechanic,-200,3,96,0
2,mechanic,-200,4.5,97,0
2,mechanic,-200,6,98,0
2,mechanic,-200,7.5,99,0
2,mechanic,-175,1.5,95,0
2,mechanic,-175,3,97,0
2,mechanic,-175,4.5,99,0
2,mechanic,-175,6,99,0
2,mechanic,-175,7.5,95,0
2,mechanic,-150,1.5,94,1
2,mechanic,-150,3,97,0
2,mechanic,-150,4.5,98,0
2,mechanic,-150,6,97,0
2,mechanic,-150,7.5,99,0
2,mechanic,-125,1.5,96,1
2,mechanic,-125,3,98,0
2,mechanic,-125,4.5,99,0
2,mechanic,-125,6,99,0
2,mechanic,-125,7.5,99,0
2,mechanic,-112.5,1.5,95,1
2,mechanic,-112.5,3,97,0
2,mechanic,-112.5,4.5,97,0
2,mechanic,-112.5,6,97,0
2,mechanic,-112.5,7.5,98,0
2,mechanic,-100,1.5,94,2
2,mechanic,-100,3,98,0
2,mechanic,-100,4.5,94,0
2,mechanic,-100,6,98,0
2,mechanic,-100,7.5,99,0
2,mechanic,-62.5,1.5,90,0
2,mechanic,-62.5,3,99,0
2,mechanic,-62.5,4.5,99,0
2,mechanic,-62.5,6,100,0
2,mechanic,-62.5,7.5,98,0
2,mechanic,0,1.5,91,1
2,mechanic,0,3,98,0
2,mechanic,0,4.5,97,0
2,mechanic,0,6,99,0
2,mechanic,0,7.5,98,0
2,nurse,0,1.5,97,97
2,nurse,0,3,100,100
2,nurse,0,4.5,100,100
2,nurse,0,6,98,98
2,nurse,0,7.5,99,99
2,nurse,37.5,1.5,98,98
2,nurse,37.5,3,99,99
2,nurse,37.5,4.5,99,99
2,nurse,37.5,6,97,97
2,nurse,37.5,7.5,100,100
2,nurse,75,1.5,98,98
2,nurse,75,3,99,99
2,nurse,75,4.5,98,98
2,nurse,75,6,98,98
2,nurse,75,7.5,97,97
2,nurse,100,1.5,97,97
2,nurse,100,3,99,99
2,nurse,100,4.5,98,98
2,nurse,100,6,97,97
2,nurse,100,7.5,97,97
2,nurse,125,1.5,98,98
2,nurse,125,3,99,99
2,nurse,125,4.5,99,99
2,nurse,125,6,99,99
2,nurse,125,7.5,98,98
2,nurse,150,1.5,98,98
2,nurse,150,3,100,100
2,nurse,150,4.5,100,100
2,nurse,150,6,99,99
2,nurse,150,7.5,97,97
2,nurse,175,1.5,97,97
2,nurse,175,3,99,99
2,nurse,175,4.5,100,100
2,nurse,175,6,99,99
2,nurse,175,7.5,98,98
2,nurse,200,1.5,97,97
2,nurse,200,3,98,98
2,nurse,200,4.5,99,99
2,nurse,200,6,100,100
2,nurse,200,7.5,99,99
2,painter,-125,1.5,66,48
2,painter,-125,3,92,68
2,painter,-125,4.5,90,59
2,painter,-125,6,94,66
2,painter,-125,7.5,96,78
2,painter,-75,1.5,74,54
2,painter,-75,3,89,62
2,painter,-75,4.5,95,67
2,painter,-75,6,95,73
2,painter,-75,7.5,94,67
2,painter,-62.5,1.5,74,53
2,painter,-62.5,3,90,60
2,painter,-62.5,4.5,96,68
2,painter,-62.5,6,95,68
2,painter,-62.5,7.5,99,69
2,painter,-56.25,1.5,70,48
2,painter,-56.25,3,91,60
2,painter,-56.25,4.5,93,63
2,painter,-56.25,6,94,62
2,painter,-56.25,7.5,97,65
2,painter,-50,1.5,75,51
2,painter,-50,3,89,60
2,painter,-50,4.5,92,63
2,painter,-50,6,98,65
2,painter,-50,7.5,96,65
2,painter,-25,1.5,74,53
2,painter,-25,3,90,60
2,painter,-25,4.5,96,60
2,painter,-25,6,98,62
2,painter,-25,7.5,98,61
2,painter,0,1.5,71,46
2,painter,0,3,88,51
2,painter,0,4.5,93,57
2,painter,0,6,95,51
2,painter,0,7.5,94,53
2,photographer,-125,1.5,82,58
2,photographer,-125,3,86,68
2,photographer,-125,4.5,92,82
2,photographer,-125,6,88,81
2,photographer,-125,7.5,83,77
2,photographer,-50,1.5,81,55
2,photographer,-50,3,96,75
2,photographer,-50,4.5,91,78
2,photographer,-50,6,91,79
2,photographer,-50,7.5,85,80
2,photographer,-25,1.5,79,53
2,photographer,-25,3,91,70
2,photographer,-25,4.5,93,75
2,photographer,-25,6,90,74
2,photographer,-25,7.5,86,76
2,photographer,0,1.5,82,50
2,photographer,0,3,92,65
2,photographer,0,4.5,90,67
2,photographer,0,6,91,72
2,photographer,0,7.5,86,70
2,photographer,25,1.5,78,49
2,photographer,25,3,85,57
2,photographer,25,4.5,86,61
2,photographer,25,6,90,62
2,photographer,25,7.5,87,62
2,photographer,37.5,1.5,78,50
2,photographer,37.5,3,88,57
2,photographer,37.5,4.5,89,59
2,photographer,37.5,6,87,60
2,photographer,37.5,7.5,89,63
2,photographer,50,1.5,76,47
2,photographer,50,3,91,58
2,photographer,50,4.5,88,53
2,photographer,50,6,86,54
2,photographer,50,7.5,85,49
2,photographer,62.5,1.5,77,50
2,photographer,62.5,3,90,55
2,photographer,62.5,4.5,91,54
2,photographer,62.5,6,90,54
2,photographer,62.5,7.5,90,50
2,pilot,-150,1.5,78,9
2,pilot,-150,3,95,11
2,pilot,-150,4.5,87,11
2,pilot,-150,6,93,13
2,pilot,-150,7.5,94,12
2,pilot,-137.5,1.5,79,8
2,pilot,-137.5,3,91,9
2,pilot,-137.5,4.5,83,9
2,pilot,-137.5,6,97,10
2,pilot,-137.5,7.5,88,10
2,pilot,-125,1.5,79,8
2,pilot,-125,3,94,12
2,pilot,-125,4.5,89,8
2,pilot,-125,6,90,7
2,pilot,-125,7.5,95,8
2,pilot,-100,1.5,81,7
2,pilot,-100,3,92,9
2,pilot,-100,4.5,90,6
2,pilot,-100,6,89,8
2,pilot,-100,7.5,88,7
2,pilot,-37.5,1.5,85,7
2,pilot,-37.5,3,91,3
2,pilot,-37.5,4.5,91,2
2,pilot,-37.5,6,91,3
2,pilot,-37.5,7.5,88,4
2,pilot,-12.5,1.5,81,6
2,pilot,-12.5,3,89,4
2,pilot,-12.5,4.5,90,1
2,pilot,-12.5,6,90,0
2,pilot,-12.5,7.5,93,2
2,pilot,0,1.5,79,6
2,pilot,0,3,94,1
2,pilot,0,4.5,85,0
2,pilot,0,6,89,0
2,pilot,0,7.5,90,2
2,poet,-125,1.5,85,72
2,poet,-125,3,94,89
2,poet,-125,4.5,98,96
2,poet,-125,6,98,96
2,poet,-125,7.5,97,96
2,poet,0,1.5,84,72
2,poet,0,3,91,86
2,poet,0,4.5,98,94
2,poet,0,6,97,93
2,poet,0,7.5,97,94
2,poet,50,1.5,89,76
2,poet,50,3,93,83
2,poet,50,4.5,97,88
2,poet,50,6,96,89
2,poet,50,7.5,96,84
2,poet,62.5,1.5,88,72
2,poet,62.5,3,93,81
2,poet,62.5,4.5,98,84
2,poet,62.5,6,97,79
2,poet,62.5,7.5,94,76
2,poet,75,1.5,87,71
2,poet,75,3,93,79
2,poet,75,4.5,97,78
2,poet,75,6,97,76
2,poet,75,7.5,97,74
2,poet,100,1.5,84,68
2,poet,100,3,93,71
2,poet,100,4.5,95,65
2,poet,100,6,99,67
2,poet,100,7.5,98,63
2,politician,-200,1.5,92,7
2,politician,-200,3,95,2
2,politician,-200,4.5,96,2
2,politician,-200,6,95,1
2,politician,-200,7.5,94,0
2,politician,-175,1.5,89,3
2,politician,-175,3,97,1
2,politician,-175,4.5,97,1
2,politician,-175,6,96,1
2,politician,-175,7.5,95,1
2,politician,-150,1.5,92,4
2,politician,-150,3,96,1
2,politician,-150,4.5,99,0
2,politician,-150,6,97,0
2,politician,-150,7.5,96,1
2,politician,-125,1.5,93,3
2,politician,-125,3,98,1
2,politician,-125,4.5,98,0
2,politician,-125,6,97,0
2,politician,-125,7.5,99,0
2,politician,-112.5,1.5,91,3
2,politician,-112.5,3,97,1
2,politician,-112.5,4.5,99,0
2,politician,-112.5,6,99,0
2,politician,-112.5,7.5,99,0
2,politician,-100,1.5,91,3
2,politician,-100,3,97,1
2,politician,-100,4.5,99,0
2,politician,-100,6,98,0
2,politician,-100,7.5,100,0
2,politician,-62.5,1.5,91,2
2,politician,-62.5,3,98,0
2,politician,-62.5,4.5,99,0
2,politician,-62.5,6,99,0
2,politician,-62.5,7.5,99,0
2,politician,0,1.5,91,1
2,politician,0,3,96,0
2,politician,0,4.5,99,0
2,politician,0,6,99,0
2,politician,0,7.5,98,0
2,professor,-200,1.5,92,32
2,professor,-200,3,98,32
2,professor,-200,4.5,97,29
2,professor,-200,6,97,25
2,professor,-200,7.5,98,21
2,professor,-150,1.5,93,28
2,professor,-150,3,98,26
2,professor,-150,4.5,98,22
2,professor,-150,6,97,20
2,professor,-150,7.5,97,16
2,professor,-125,1.5,94,28
2,professor,-125,3,98,25
2,professor,-125,4.5,99,20
2,professor,-125,6,97,19
2,professor,-125,7.5,99,14
2,professor,-100,1.5,93,27
2,professor,-100,3,96,24
2,professor,-100,4.5,99,18
2,professor,-100,6,99,16
2,professor,-100,7.5,99,13
2,professor,-75,1.5,92,26
2,professor,-75,3,96,24
2,professor,-75,4.5,98,15
2,professor,-75,6,100,12
2,professor,-75,7.5,99,9
2,professor,-50,1.5,92,26
2,professor,-50,3,95,19
2,professor,-50,4.5,98,13
2,professor,-50,6,97,11
2,professor,-50,7.5,100,7
2,professor,-37.5,1.5,93,27
2,professor,-37.5,3,97,17
2,professor,-37.5,4.5,98,13
2,professor,-37.5,6,98,9
2,professor,-37.5,7.5,100,7
2,professor,0,1.5,94,24
2,professor,0,3,98,13
2,professor,0,4.5,99,9
2,professor,0,6,99,8
2,professor,0,7.5,100,5
2,programmer,-200,1.5,75,6
2,programmer,-200,3,85,4
2,programmer,-200,4.5,83,2
2,programmer,-200,6,80,2
2,programmer,-200,7.5,80,1
2,programmer,-175,1.5,77,7
2,programmer,-175,3,86,1
2,programmer,-175,4.5,81,2
2,programmer,-175,6,86,0
2,programmer,-175,7.5,81,0
2,programmer,-150,1.5,75,6
2,programmer,-150,3,85,1
2,programmer,-150,4.5,88,0
2,programmer,-150,6,82,0
2,programmer,-150,7.5,87,0
2,programmer,-125,1.5,73,6
2,programmer,-125,3,84,0
2,programmer,-125,4.5,87,0
2,programmer,-125,6,87,0
2,programmer,-125,7.5,85,0
2,programmer,-100,1.5,77,5
2,programmer,-100,3,84,1
2,programmer,-100,4.5,84,0
2,programmer,-100,6,85,0
2,programmer,-100,7.5,89,0
2,programmer,-87.5,1.5,77,5
2,programmer,-87.5,3,87,1
2,programmer,-87.5,4.5,87,0
2,programmer,-87.5,6,90,0
2,programmer,-87.5,7.5,91,0
2,programmer,-37.5,1.5,76,6
2,programmer,-37.5,3,84,0
2,programmer,-37.5,4.5,87,1
2,programmer,-37.5,6,88,0
2,programmer,-37.5,7.5,92,0
2,programmer,0,1.5,78,5
2,programmer,0,3,86,0
2,programmer,0,4.5,87,0
2,programmer,0,6,87,0
2,programmer,0,7.5,92,0
2,receptionist,0,1.5,100,100
2,receptionist,0,3,100,100
2,receptionist,0,4.5,100,100
2,receptionist,0,6,100,100
2,receptionist,0,7.5,100,100
2,receptionist,12.5,1.5,99,99
2,receptionist,12.5,3,100,100
2,receptionist,12.5,4.5,100,100
2,receptionist,12.5,6,100,100
2,receptionist,12.5,7.5,100,100
2,receptionist,100,1.5,99,99
2,receptionist,100,3,100,100
2,receptionist,100,4.5,100,100
2,receptionist,100,6,100,100
2,receptionist,100,7.5,100,100
2,receptionist,125,1.5,98,97
2,receptionist,125,3,98,98
2,receptionist,125,4.5,100,100
2,receptionist,125,6,100,100
2,receptionist,125,7.5,100,100
2,receptionist,150,1.5,100,99
2,receptionist,150,3,97,97
2,receptionist,150,4.5,99,99
2,receptionist,150,6,100,100
2,receptionist,150,7.5,100,100
2,receptionist,175,1.5,97,96
2,receptionist,175,3,99,99
2,receptionist,175,4.5,100,100
2,receptionist,175,6,100,100
2,receptionist,175,7.5,100,100
2,receptionist,200,1.5,99,99
2,receptionist,200,3,98,98
2,receptionist,200,4.5,100,100
2,receptionist,200,6,100,100
2,receptionist,200,7.5,100,100
2,salesperson,-200,1.5,93,38
2,salesperson,-200,3,99,36
2,salesperson,-200,4.5,96,40
2,salesperson,-200,6,98,39
2,salesperson,-200,7.5,96,38
2,salesperson,-150,1.5,92,39
2,salesperson,-150,3,100,35
2,salesperson,-150,4.5,98,34
2,salesperson,-150,6,96,28
2,salesperson,-150,7.5,98,29
2,salesperson,-125,1.5,94,38
2,salesperson,-125,3,98,32
2,salesperson,-125,4.5,99,30
2,salesperson,-125,6,99,29
2,salesperson,-125,7.5,98,29
2,salesperson,-100,1.5,94,38
2,salesperson,-100,3,100,33
2,salesperson,-100,4.5,98,28
2,salesperson,-100,6,99,26
2,salesperson,-100,7.5,99,27
2,salesperson,-50,1.5,97,37
2,salesperson,-50,3,99,28
2,salesperson,-50,4.5,97,27
2,salesperson,-50,6,99,26
2,salesperson,-50,7.5,100,23
2,salesperson,-37.5,1.5,97,34
2,salesperson,-37.5,3,100,27
2,salesperson,-37.5,4.5,98,25
2,salesperson,-37.5,6,100,25
2,salesperson,-37.5,7.5,99,23
2,salesperson,-12.5,1.5,94,32
2,salesperson,-12.5,3,99,26
2,salesperson,-12.5,4.5,99,22
2,salesperson,-12.5,6,100,20
2,salesperson,-12.5,7.5,100,19
2,salesperson,0,1.5,94,35
2,salesperson,0,3,98,23
2,salesperson,0,4.5,98,20
2,salesperson,0,6,100,21
2,salesperson,0,7.5,98,17
2,scientist,-137.5,1.5,92,62
2,scientist,-137.5,3,95,58
2,scientist,-137.5,4.5,97,65
2,scientist,-137.5,6,98,67
2,scientist,-137.5,7.5,99,64
2,scientist,-125,1.5,92,62
2,scientist,-125,3,97,58
2,scientist,-125,4.5,97,62
2,scientist,-125,6,99,68
2,scientist,-125,7.5,98,61
2,scientist,-100,1.5,91,61
2,scientist,-100,3,98,59
2,scientist,-100,4.5,94,57
2,scientist,-100,6,99,64
2,scientist,-100,7.5,99,62
2,scientist,-75,1.5,91,60
2,scientist,-75,3,98,60
2,scientist,-75,4.5,98,59
2,scientist,-75,6,100,55
2,scientist,-75,7.5,99,63
2,scientist,-50,1.5,90,59
2,scientist,-50,3,98,58
2,scientist,-50,4.5,97,56
2,scientist,-50,6,98,52
2,scientist,-50,7.5,99,57
2,scientist,-37.5,1.5,91,60
2,scientist,-37.5,3,98,56
2,scientist,-37.5,4.5,97,55
2,scientist,-37.5,6,98,53
2,scientist,-37.5,7.5,99,55
2,scientist,0,1.5,92,58
2,scientist,0,3,98,49
2,scientist,0,4.5,97,48
2,scientist,0,6,98,45
2,scientist,0,7.5,97,45
2,singer,-12.5,1.5,85,77
2,singer,-12.5,3,97,91
2,singer,-12.5,4.5,99,98
2,singer,-12.5,6,99,98
2,singer,-12.5,7.5,96,94
2,singer,0,1.5,90,80
2,singer,0,3,95,89
2,singer,0,4.5,100,96
2,singer,0,6,99,94
2,singer,0,7.5,96,92
2,singer,50,1.5,87,74
2,singer,50,3,98,90
2,singer,50,4.5,96,86
2,singer,50,6,99,87
2,singer,50,7.5,98,87
2,singer,56.25,1.5,87,77
2,singer,56.25,3,95,86
2,singer,56.25,4.5,96,86
2,singer,56.25,6,99,84
2,singer,56.25,7.5,97,82
2,singer,62.5,1.5,86,76
2,singer,62.5,3,98,89
2,singer,62.5,4.5,96,86
2,singer,62.5,6,99,86
2,singer,62.5,7.5,98,82
2,singer,75,1.5,87,75
2,singer,75,3,96,87
2,singer,75,4.5,96,84
2,singer,75,6,98,84
2,singer,75,7.5,98,83
2,singer,125,1.5,88,70
2,singer,125,3,96,77
2,singer,125,4.5,97,80
2,singer,125,6,96,71
2,singer,125,7.5,96,71
2,student,-87.5,1.5,95,76
2,student,-87.5,3,99,82
2,student,-87.5,4.5,99,82
2,student,-87.5,6,98,80
2,student,-87.5,7.5,99,80
2,student,-81.25,1.5,94,78
2,student,-81.25,3,99,83
2,student,-81.25,4.5,99,81
2,student,-81.25,6,99,81
2,student,-81.25,7.5,100,80
2,student,-75,1.5,94,76
2,student,-75,3,98,81
2,student,-75,4.5,100,81
2,student,-75,6,99,80
2,student,-75,7.5,100,79
2,student,-50,1.5,96,75
2,student,-50,3,98,80
2,student,-50,4.5,99,80
2,student,-50,6,100,78
2,student,-50,7.5,100,79
2,student,0,1.5,95,77
2,student,0,3,97,76
2,student,0,4.5,99,72
2,student,0,6,100,74
2,student,0,7.5,99,73
2,student,25,1.5,94,76
2,student,25,3,97,76
2,student,25,4.5,98,72
2,student,25,6,99,73
2,student,25,7.5,100,71
2,student,50,1.5,94,74
2,student,50,3,97,73
2,student,50,4.5,98,72
2,student,50,6,99,69
2,student,50,7.5,100,69
2,student,125,1.5,94,70
2,student,125,3,98,62
2,student,125,4.5,100,64
2,student,125,6,100,64
2,student,125,7.5,100,64
2,supervisor,-200,1.5,95,22
2,supervisor,-200,3,97,12
2,supervisor,-200,4.5,96,12
2,supervisor,-200,6,95,10
2,supervisor,-200,7.5,92,8
2,supervisor,-175,1.5,95,20
2,supervisor,-175,3,98,12
2,supervisor,-175,4.5,97,11
2,supervisor,-175,6,96,7
2,supervisor,-175,7.5,94,8
2,supervisor,-150,1.5,95,18
2,supervisor,-150,3,98,12
2,supervisor,-150,4.5,98,9
2,supervisor,-150,6,96,7
2,supervisor,-150,7.5,96,6
2,supervisor,-125,1.5,95,18
2,supervisor,-125,3,98,11
2,supervisor,-125,4.5,98,7
2,supervisor,-125,6,98,6
2,supervisor,-125,7.5,98,6
2,supervisor,-100,1.5,93,18
2,supervisor,-100,3,97,9
2,supervisor,-100,4.5,98,7
2,supervisor,-100,6,99,6
2,supervisor,-100,7.5,96,6
2,supervisor,-62.5,1.5,94,19
2,supervisor,-62.5,3,99,7
2,supervisor,-62.5,4.5,98,5
2,supervisor,-62.5,6,100,6
2,supervisor,-62.5,7.5,97,3
2,supervisor,0,1.5,97,16
2,supervisor,0,3,98,5
2,supervisor,0,4.5,100,4
2,supervisor,0,6,100,2
2,supervisor,0,7.5,99,1
2,teacher,-12.5,1.5,95,87
2,teacher,-12.5,3,99,98
2,teacher,-12.5,4.5,98,98
2,teacher,-12.5,6,100,100
2,teacher,-12.5,7.5,99,99
2,teacher,0,1.5,94,85
2,teacher,0,3,99,98
2,teacher,0,4.5,99,99
2,teacher,0,6,100,100
2,teacher,0,7.5,99,99
2,teacher,100,1.5,95,85
2,teacher,100,3,99,94
2,teacher,100,4.5,100,96
2,teacher,100,6,100,98
2,teacher,100,7.5,100,98
2,teacher,125,1.5,95,85
2,teacher,125,3,99,92
2,teacher,125,4.5,100,93
2,teacher,125,6,99,94
2,teacher,125,7.5,100,94
2,teacher,150,1.5,96,86
2,teacher,150,3,99,88
2,teacher,150,4.5,98,88
2,teacher,150,6,99,89
2,teacher,150,7.5,100,89
2,teacher,200,1.5,95,85
2,teacher,200,3,99,85
2,teacher,200,4.5,100,85
2,teacher,200,6,100,86
2,teacher,200,7.5,100,83
2,technician,-200,1.5,93,11
2,technician,-200,3,95,3
2,technician,-200,4.5,99,2
2,technician,-200,6,97,4
2,technician,-200,7.5,98,3
2,technician,-175,1.5,93,13
2,technician,-175,3,98,2
2,technician,-175,4.5,97,4
2,technician,-175,6,99,4
2,technician,-175,7.5,97,3
2,technician,-150,1.5,93,9
2,technician,-150,3,97,1
2,technician,-150,4.5,98,2
2,technician,-150,6,97,3
2,technician,-150,7.5,96,1
2,technician,-125,1.5,92,9
2,technician,-125,3,97,1
2,technician,-125,4.5,96,3
2,technician,-125,6,98,3
2,technician,-125,7.5,98,1
2,technician,-100,1.5,92,7
2,technician,-100,3,96,1
2,technician,-100,4.5,98,1
2,technician,-100,6,98,3
2,technician,-100,7.5,98,1
2,technician,-50,1.5,93,9
2,technician,-50,3,99,1
2,technician,-50,4.5,99,1
2,technician,-50,6,96,1
2,technician,-50,7.5,98,0
2,technician,-25,1.5,94,9
2,technician,-25,3,99,2
2,technician,-25,4.5,98,1
2,technician,-25,6,98,0
2,technician,-25,7.5,99,0
2,technician,0,1.5,95,8
2,technician,0,3,98,1
2,technician,0,4.5,99,1
2,technician,0,6,98,0
2,technician,0,7.5,98,0
2,writer,0,1.5,85,69
2,writer,0,3,96,89
2,writer,0,4.5,99,96
2,writer,0,6,98,96
2,writer,0,7.5,97,96
2,writer,12.5,1.5,82,65
2,writer,12.5,3,98,91
2,writer,12.5,4.5,98,95
2,writer,12.5,6,98,96
2,writer,12.5,7.5,99,98
2,writer,25,1.5,81,65
2,writer,25,3,97,89
2,writer,25,4.5,99,95
2,writer,25,6,97,95
2,writer,25,7.5,98,96
2,writer,50,1.5,81,66
2,writer,50,3,99,89
2,writer,50,4.5,99,92
2,writer,50,6,99,90
2,writer,50,7.5,99,95
2,writer,75,1.5,82,66
2,writer,75,3,95,80
2,writer,75,4.5,97,83
2,writer,75,6,96,82
2,writer,75,7.5,99,83
2,writer,87.5,1.5,80,63
2,writer,87.5,3,97,79
2,writer,87.5,4.5,100,84
2,writer,87.5,6,100,80
2,writer,87.5,7.5,100,82
2,writer,100,1.5,79,62
2,writer,100,3,99,82
2,writer,100,4.5,97,80
2,writer,100,6,96,74
2,writer,100,7.5,99,74
2,writer,125,1.5,83,65
2,writer,125,3,94,74
2,writer,125,4.5,97,70
2,writer,125,6,97,72
2,writer,125,7.5,100,70
3,accountant,-125,1.5,99,58
3,accountant,-125,3,100,55
3,accountant,-125,4.5,98,57
3,accountant,-125,6,99,60
3,accountant,-125,7.5,98,64
3,accountant,-75,1.5,97,57
3,accountant,-75,3,100,52
3,accountant,-75,4.5,99,55
3,accountant,-75,6,100,56
3,accountant,-75,7.5,98,57
3,accountant,-68.75,1.5,97,57
3,accountant,-68.75,3,100,52
3,accountant,-68.75,4.5,100,56
3,accountant,-68.75,6,100,56
3,accountant,-68.75,7.5,99,56
3,accountant,-62.5,1.5,98,58
3,accountant,-62.5,3,100,51
3,accountant,-62.5,4.5,99,55
3,accountant,-62.5,6,100,56
3,accountant,-62.5,7.5,99,56
3,accountant,-50,1.5,96,56
3,accountant,-50,3,98,48
3,accountant,-50,4.5,100,54
3,accountant,-50,6,100,55
3,accountant,-50,7.5,100,52
3,accountant,0,1.5,97,54
3,accountant,0,3,100,48
3,accountant,0,4.5,100,45
3,accountant,0,6,100,48
3,accountant,0,7.5,99,49
3,accountant,137.5,1.5,97,47
3,accountant,137.5,3,100,29
3,accountant,137.5,4.5,100,18
3,accountant,137.5,6,100,15
3,accountant,137.5,7.5,100,14
3,assistant,0,1.5,95,87
3,assistant,0,3,100,98
3,assistant,0,4.5,100,99
3,assistant,0,6,100,100
3,assistant,0,7.5,100,100
3,assistant,12.5,1.5,94,87
3,assistant,12.5,3,100,99
3,assistant,12.5,4.5,100,100
3,assistant,12.5,6,100,100
3,assistant,12.5,7.5,100,100
3,assistant,50,1.5,96,89
3,assistant,50,3,99,96
3,assistant,50,4.5,100,97
3,assistant,50,6,100,98
3,assistant,50,7.5,100,97
3,assistant,62.5,1.5,96,89
3,assistant,62.5,3,98,95
3,assistant,62.5,4.5,100,96
3,assistant,62.5,6,100,95
3,assistant,62.5,7.5,100,96
3,assistant,75,1.5,95,88
3,assistant,75,3,97,90
3,assistant,75,4.5,100,91
3,assistant,75,6,100,92
3,assistant,75,7.5,100,92
3,assistant,100,1.5,96,88
3,assistant,100,3,100,88
3,assistant,100,4.5,100,86
3,assistant,100,6,100,84
3,assistant,100,7.5,100,78
3,assistant,125,1.5,95,85
3,assistant,125,3,99,78
3,assistant,125,4.5,100,77
3,assistant,125,6,100,74
3,assistant,125,7.5,100,73
3,athlete,-200,1.5,89,15
3,athlete,-200,3,97,13
3,athlete,-200,4.5,95,15
3,athlete,-200,6,98,11
3,athlete,-200,7.5,96,9
3,athlete,-175,1.5,89,14
3,athlete,-175,3,98,12
3,athlete,-175,4.5,95,11
3,athlete,-175,6,99,11
3,athlete,-175,7.5,97,7
3,athlete,-150,1.5,92,12
3,athlete,-150,3,98,11
3,athlete,-150,4.5,97,11
3,athlete,-150,6,99,8
3,athlete,-150,7.5,94,5
3,athlete,-100,1.5,95,13
3,athlete,-100,3,98,9
3,athlete,-100,4.5,99,7
3,athlete,-100,6,99,4
3,athlete,-100,7.5,97,3
3,athlete,0,1.5,90,9
3,athlete,0,3,99,5
3,athlete,0,4.5,98,3
3,athlete,0,6,99,2
3,athlete,0,7.5,99,1
3,athlete,125,1.5,92,10
3,athlete,125,3,99,4
3,athlete,125,4.5,99,0
3,athlete,125,6,99,1
3,athlete,125,7.5,99,1
3,author,-12.5,1.5,94,87
3,author,-12.5,3,100,96
3,author,-12.5,4.5,100,99
3,author,-12.5,6,100,99
3,author,-12.5,7.5,100,100
3,author,0,1.5,92,85
3,author,0,3,98,93
3,author,0,4.5,99,98
3,author,0,6,100,98
3,author,0,7.5,100,99
3,author,100,1.5,96,85
3,author,100,3,100,89
3,author,100,4.5,100,92
3,author,100,6,100,92
3,author,100,7.5,100,91
3,author,125,1.5,98,85
3,author,125,3,100,88
3,author,125,4.5,100,91
3,author,125,6,100,90
3,author,125,7.5,99,89
3,author,137.5,1.5,97,86
3,author,137.5,3,99,88
3,author,137.5,4.5,99,89
3,author,137.5,6,100,90
3,author,137.5,7.5,100,88
3,author,150,1.5,97,84
3,author,150,3,100,89
3,author,150,4.5,99,88
3,author,150,6,100,86
3,author,150,7.5,100,87
3,ceo,-200,1.5,98,4
3,ceo,-200,3,98,2
3,ceo,-200,4.5,100,1
3,ceo,-200,6,100,1
3,ceo,-200,7.5,97,0
3,ceo,-175,1.5,97,4
3,ceo,-175,3,100,1
3,ceo,-175,4.5,100,2
3,ceo,-175,6,100,1
3,ceo,-175,7.5,96,0
3,ceo,-150,1.5,97,4
3,ceo,-150,3,100,1
3,ceo,-150,4.5,99,1
3,ceo,-150,6,100,1
3,ceo,-150,7.5,99,0
3,ceo,-125,1.5,97,4
3,ceo,-125,3,100,1
3,ceo,-125,4.5,100,1
3,ceo,-125,6,100,1
3,ceo,-125,7.5,98,0
3,ceo,-100,1.5,97,4
3,ceo,-100,3,100,1
3,ceo,-100,4.5,99,1
3,ceo,-100,6,100,1
3,ceo,-100,7.5,100,0
3,ceo,-75,1.5,95,4
3,ceo,-75,3,100,1
3,ceo,-75,4.5,100,1
3,ceo,-75,6,100,1
3,ceo,-75,7.5,99,0
3,ceo,0,1.5,97,3
3,ceo,0,3,98,1
3,ceo,0,4.5,100,1
3,ceo,0,6,99,0
3,ceo,0,7.5,99,0
3,chef,-200,1.5,100,7
3,chef,-200,3,100,4
3,chef,-200,4.5,100,2
3,chef,-200,6,100,6
3,chef,-200,7.5,99,2
3,chef,-175,1.5,100,5
3,chef,-175,3,100,3
3,chef,-175,4.5,100,1
3,chef,-175,6,100,2
3,chef,-175,7.5,99,4
3,chef,-150,1.5,100,5
3,chef,-150,3,100,3
3,chef,-150,4.5,100,1
3,chef,-150,6,100,2
3,chef,-150,7.5,100,2
3,chef,-125,1.5,100,5
3,chef,-125,3,99,3
3,chef,-125,4.5,100,1
3,chef,-125,6,100,3
3,chef,-125,7.5,99,0
3,chef,-100,1.5,100,4
3,chef,-100,3,100,1
3,chef,-100,4.5,100,2
3,chef,-100,6,99,2
3,chef,-100,7.5,99,0
3,chef,-50,1.5,100,4
3,chef,-50,3,100,1
3,chef,-50,4.5,100,1
3,chef,-50,6,99,1
3,chef,-50,7.5,99,0
3,chef,0,1.5,99,6
3,chef,0,3,100,0
3,chef,0,4.5,99,0
3,chef,0,6,100,0
3,chef,0,7.5,99,0
3,cook,-100,1.5,97,39
3,cook,-100,3,100,42
3,cook,-100,4.5,98,50
3,cook,-100,6,100,50
3,cook,-100,7.5,100,39
3,cook,-75,1.5,96,37
3,cook,-75,3,99,42
3,cook,-75,4.5,100,46
3,cook,-75,6,100,47
3,cook,-75,7.5,100,38
3,cook,-62.5,1.5,95,36
3,cook,-62.5,3,99,43
3,cook,-62.5,4.5,99,42
3,cook,-62.5,6,100,40
3,cook,-62.5,7.5,100,35
3,cook,-50,1.5,94,37
3,cook,-50,3,100,43
3,cook,-50,4.5,99,42
3,cook,-50,6,100,40
3,cook,-50,7.5,100,31
3,cook,-25,1.5,94,36
3,cook,-25,3,98,38
3,cook,-25,4.5,99,33
3,cook,-25,6,100,32
3,cook,-25,7.5,100,29
3,cook,0,1.5,97,34
3,cook,0,3,100,29
3,cook,0,4.5,99,29
3,cook,0,6,100,24
3,cook,0,7.5,100,20
3,cook,125,1.5,95,25
3,cook,125,3,100,7
3,cook,125,4.5,100,4
3,cook,125,6,100,2
3,cook,125,7.5,100,0
3,doctor,-125,1.5,95,36
3,doctor,-125,3,99,40
3,doctor,-125,4.5,100,36
3,doctor,-125,6,98,39
3,doctor,-125,7.5,94,39
3,doctor,-112.5,1.5,94,36
3,doctor,-112.5,3,99,41
3,doctor,-112.5,4.5,100,35
3,doctor,-112.5,6,99,35
3,doctor,-112.5,7.5,94,34
3,doctor,-100,1.5,96,37
3,doctor,-100,3,99,37
3,doctor,-100,4.5,100,34
3,doctor,-100,6,99,35
3,doctor,-100,7.5,95,35
3,doctor,-75,1.5,96,37
3,doctor,-75,3,100,35
3,doctor,-75,4.5,99,31
3,doctor,-75,6,98,29
3,doctor,-75,7.5,97,28
3,doctor,-50,1.5,95,34
3,doctor,-50,3,100,33
3,doctor,-50,4.5,100,28
3,doctor,-50,6,98,25
3,doctor,-50,7.5,98,24
3,doctor,-37.5,1.5,95,33
3,doctor,-37.5,3,99,31
3,doctor,-37.5,4.5,99,25
3,doctor,-37.5,6,97,25
3,doctor,-37.5,7.5,99,23
3,doctor,0,1.5,97,33
3,doctor,0,3,100,27
3,doctor,0,4.5,99,19
3,doctor,0,6,98,17
3,doctor,0,7.5,97,14
3,doctor,150,1.5,97,29
3,doctor,150,3,100,16
3,doctor,150,4.5,100,10
3,doctor,150,6,99,9
3,doctor,150,7.5,97,8
3,engineer,-200,1.5,95,8
3,engineer,-200,3,94,3
3,engineer,-200,4.5,98,3
3,engineer,-200,6,95,2
3,engineer,-200,7.5,97,3
3,engineer,-175,1.5,96,7
3,engineer,-175,3,95,3
3,engineer,-175,4.5,98,2
3,engineer,-175,6,99,1
3,engineer,-175,7.5,97,1
3,engineer,-150,1.5,95,8
3,engineer,-150,3,97,2
3,engineer,-150,4.5,96,1
3,engineer,-150,6,95,3
3,engineer,-150,7.5,96,2
3,engineer,-112.5,1.5,92,5
3,engineer,-112.5,3,94,1
3,engineer,-112.5,4.5,99,1
3,engineer,-112.5,6,97,2
3,engineer,-112.5,7.5,98,2
3,engineer,-100,1.5,92,6
3,engineer,-100,3,96,1
3,engineer,-100,4.5,100,1
3,engineer,-100,6,98,2
3,engineer,-100,7.5,97,2
3,engineer,-50,1.5,93,7
3,engineer,-50,3,99,1
3,engineer,-50,4.5,96,0
3,engineer,-50,6,99,1
3,engineer,-50,7.5,94,1
3,engineer,0,1.5,95,4
3,engineer,0,3,98,0
3,engineer,0,4.5,98,0
3,engineer,0,6,96,1
3,engineer,0,7.5,97,1
3,engineer,125,1.5,98,6
3,engineer,125,3,98,0
3,engineer,125,4.5,99,0
3,engineer,125,6,98,0
3,engineer,125,7.5,100,0
3,entrepreneur,-200,1.5,93,17
3,entrepreneur,-200,3,100,13
3,entrepreneur,-200,4.5,99,10
3,entrepreneur,-200,6,100,8
3,entrepreneur,-200,7.5,100,5
3,entrepreneur,-175,1.5,94,16
3,entrepreneur,-175,3,100,11
3,entrepreneur,-175,4.5,100,9
3,entrepreneur,-175,6,99,6
3,entrepreneur,-175,7.5,100,4
3,entrepreneur,-150,1.5,92,15
3,entrepreneur,-150,3,100,10
3,entrepreneur,-150,4.5,98,6
3,entrepreneur,-150,6,99,5
3,entrepreneur,-150,7.5,100,3
3,entrepreneur,-100,1.5,94,15
3,entrepreneur,-100,3,99,7
3,entrepreneur,-100,4.5,99,4
3,entrepreneur,-100,6,99,1
3,entrepreneur,-100,7.5,99,2
3,entrepreneur,-75,1.5,94,13
3,entrepreneur,-75,3,100,7
3,entrepreneur,-75,4.5,100,2
3,entrepreneur,-75,6,99,1
3,entrepreneur,-75,7.5,99,2
3,entrepreneur,-37.5,1.5,95,13
3,entrepreneur,-37.5,3,100,7
3,entrepreneur,-37.5,4.5,100,1
3,entrepreneur,-37.5,6,99,1
3,entrepreneur,-37.5,7.5,100,1
3,entrepreneur,0,1.5,94,10
3,entrepreneur,0,3,100,6
3,entrepreneur,0,4.5,99,1
3,entrepreneur,0,6,100,1
3,entrepreneur,0,7.5,100,0
3,entrepreneur,125,1.5,93,11
3,entrepreneur,125,3,100,3
3,entrepreneur,125,4.5,99,0
3,entrepreneur,125,6,100,0
3,entrepreneur,125,7.5,100,0
3,fashion designer,0,1.5,93,93
3,fashion designer,0,3,97,97
3,fashion designer,0,4.5,99,99
3,fashion designer,0,6,99,99
3,fashion designer,0,7.5,100,100
3,fashion designer,25,1.5,92,92
3,fashion designer,25,3,98,98
3,fashion designer,25,4.5,100,100
3,fashion designer,25,6,100,100
3,fashion designer,25,7.5,99,99
3,fashion designer,37.5,1.5,93,92
3,fashion designer,37.5,3,95,95
3,fashion designer,37.5,4.5,99,99
3,fashion designer,37.5,6,96,96
3,fashion designer,37.5,7.5,98,98
3,fashion designer,100,1.5,90,88
3,fashion designer,100,3,95,95
3,fashion designer,100,4.5,97,97
3,fashion designer,100,6,99,99
3,fashion designer,100,7.5,98,98
3,fashion designer,125,1.5,90,88
3,fashion designer,125,3,95,95
3,fashion designer,125,4.5,97,97
3,fashion designer,125,6,100,100
3,fashion designer,125,7.5,98,98
3,fashion designer,150,1.5,89,87
3,fashion designer,150,3,95,95
3,fashion designer,150,4.5,97,97
3,fashion designer,150,6,98,98
3,fashion designer,150,7.5,98,98
3,fashion designer,175,1.5,91,89
3,fashion designer,175,3,94,94
3,fashion designer,175,4.5,99,99
3,fashion designer,175,6,99,99
3,fashion designer,175,7.5,98,98
3,fashion designer,200,1.5,92,90
3,fashion designer,200,3,96,95
3,fashion designer,200,4.5,97,97
3,fashion designer,200,6,100,100
3,fashion designer,200,7.5,96,96
3,firefighter,-200,1.5,91,10
3,firefighter,-200,3,99,6
3,firefighter,-200,4.5,99,3
3,firefighter,-200,6,96,9
3,firefighter,-200,7.5,95,13
3,firefighter,-175,1.5,94,10
3,firefighter,-175,3,97,4
3,firefighter,-175,4.5,97,1
3,firefighter,-175,6,95,4
3,firefighter,-175,7.5,96,2
3,firefighter,-150,1.5,95,10
3,firefighter,-150,3,96,4
3,firefighter,-150,4.5,98,3
3,firefighter,-150,6,94,1
3,firefighter,-150,7.5,96,1
3,firefighter,-100,1.5,91,5
3,firefighter,-100,3,100,4
3,firefighter,-100,4.5,99,1
3,firefighter,-100,6,96,0
3,firefighter,-100,7.5,95,1
3,firefighter,-25,1.5,92,4
3,firefighter,-25,3,96,2
3,firefighter,-25,4.5,96,0
3,firefighter,-25,6,98,2
3,firefighter,-25,7.5,98,0
3,firefighter,-12.5,1.5,93,4
3,firefighter,-12.5,3,99,3
3,firefighter,-12.5,4.5,99,0
3,firefighter,-12.5,6,98,0
3,firefighter,-12.5,7.5,97,1
3,firefighter,0,1.5,90,3
3,firefighter,0,3,98,1
3,firefighter,0,4.5,97,0
3,firefighter,0,6,96,0
3,firefighter,0,7.5,95,0
3,firefighter,125,1.5,91,6
3,firefighter,125,3,94,0
3,firefighter,125,4.5,97,0
3,firefighter,125,6,97,0
3,firefighter,125,7.5,99,0
3,intern,0,1.5,99,91
3,intern,0,3,99,95
3,intern,0,4.5,100,99
3,intern,0,6,100,100
3,intern,0,7.5,100,100
3,intern,12.5,1.5,98,90
3,intern,12.5,3,99,95
3,intern,12.5,4.5,100,99
3,intern,12.5,6,100,100
3,intern,12.5,7.5,100,100
3,intern,100,1.5,97,87
3,intern,100,3,100,91
3,intern,100,4.5,100,90
3,intern,100,6,100,89
3,intern,100,7.5,99,90
3,intern,112.5,1.5,96,87
3,intern,112.5,3,100,91
3,intern,112.5,4.5,100,86
3,intern,112.5,6,100,89
3,intern,112.5,7.5,100,88
3,intern,125,1.5,95,85
3,intern,125,3,100,88
3,intern,125,4.5,99,86
3,intern,125,6,100,89
3,intern,125,7.5,100,86
3,intern,150,1.5,95,84
3,intern,150,3,100,84
3,intern,150,4.5,100,84
3,intern,150,6,100,86
3,intern,150,7.5,100,85
3,journalist,-75,1.5,98,65
3,journalist,-75,3,100,82
3,journalist,-75,4.5,100,86
3,journalist,-75,6,100,85
3,journalist,-75,7.5,100,87
3,journalist,-37.5,1.5,96,62
3,journalist,-37.5,3,100,79
3,journalist,-37.5,4.5,100,87
3,journalist,-37.5,6,100,84
3,journalist,-37.5,7.5,99,85
3,journalist,0,1.5,94,61
3,journalist,0,3,99,76
3,journalist,0,4.5,99,83
3,journalist,0,6,99,83
3,journalist,0,7.5,100,83
3,journalist,50,1.5,97,56
3,journalist,50,3,100,71
3,journalist,50,4.5,99,75
3,journalist,50,6,99,76
3,journalist,50,7.5,99,77
3,journalist,75,1.5,99,55
3,journalist,75,3,98,59
3,journalist,75,4.5,100,66
3,journalist,75,6,99,70
3,journalist,75,7.5,100,70
3,journalist,87.5,1.5,98,55
3,journalist,87.5,3,98,55
3,journalist,87.5,4.5,100,59
3,journalist,87.5,6,100,58
3,journalist,87.5,7.5,100,59
3,journalist,100,1.5,98,55
3,journalist,100,3,99,53
3,journalist,100,4.5,100,52
3,journalist,100,6,99,56
3,journalist,100,7.5,99,51
3,journalist,137.5,1.5,97,49
3,journalist,137.5,3,100,48
3,journalist,137.5,4.5,99,41
3,journalist,137.5,6,100,45
3,journalist,137.5,7.5,100,38
3,librarian,0,1.5,97,97
3,librarian,0,3,99,99
3,librarian,0,4.5,100,100
3,librarian,0,6,100,100
3,librarian,0,7.5,100,100
3,librarian,37.5,1.5,96,94
3,librarian,37.5,3,98,98
3,librarian,37.5,4.5,99,99
3,librarian,37.5,6,100,100
3,librarian,37.5,7.5,100,100
3,librarian,87.5,1.5,96,94
3,librarian,87.5,3,97,97
3,librarian,87.5,4.5,99,99
3,librarian,87.5,6,100,100
3,librarian,87.5,7.5,100,100
3,librarian,100,1.5,97,95
3,librarian,100,3,99,99
3,librarian,100,4.5,99,99
3,librarian,100,6,100,100
3,librarian,100,7.5,99,99
3,librarian,125,1.5,97,95
3,librarian,125,3,100,100
3,librarian,125,4.5,98,98
3,librarian,125,6,98,98
3,librarian,125,7.5,100,100
3,librarian,150,1.5,98,96
3,librarian,150,3,100,100
3,librarian,150,4.5,100,100
3,librarian,150,6,100,100
3,librarian,150,7.5,100,100
3,librarian,175,1.5,98,97
3,librarian,175,3,99,99
3,librarian,175,4.5,98,98
3,librarian,175,6,100,100
3,librarian,175,7.5,100,100
3,librarian,200,1.5,99,96
3,librarian,200,3,100,100
3,librarian,200,4.5,99,99
3,librarian,200,6,99,99
3,librarian,200,7.5,100,100
3,mechanic,-200,1.5,94,0
3,mechanic,-200,3,95,0
3,mechanic,-200,4.5,99,0
3,mechanic,-200,6,99,0
3,mechanic,-200,7.5,99,0
3,mechanic,-175,1.5,97,1
3,mechanic,-175,3,98,0
3,mechanic,-175,4.5,99,0
3,mechanic,-175,6,98,0
3,mechanic,-175,7.5,97,0
3,mechanic,-150,1.5,96,1
3,mechanic,-150,3,96,0
3,mechanic,-150,4.5,99,0
3,mechanic,-150,6,98,0
3,mechanic,-150,7.5,97,0
3,mechanic,-125,1.5,96,1
3,mechanic,-125,3,98,0
3,mechanic,-125,4.5,99,0
3,mechanic,-125,6,100,0
3,mechanic,-125,7.5,97,0
3,mechanic,-100,1.5,95,0
3,mechanic,-100,3,97,0
3,mechanic,-100,4.5,100,0
3,mechanic,-100,6,97,0
3,mechanic,-100,7.5,98,0
3,mechanic,-62.5,1.5,96,0
3,mechanic,-62.5,3,97,0
3,mechanic,-62.5,4.5,98,0
3,mechanic,-62.5,6,99,0
3,mechanic,-62.5,7.5,98,0
3,mechanic,0,1.5,96,0
3,mechanic,0,3,98,0
3,mechanic,0,4.5,98,0
3,mechanic,0,6,99,0
3,mechanic,0,7.5,98,0
3,nurse,0,1.5,97,97
3,nurse,0,3,100,100
3,nurse,0,4.5,98,98
3,nurse,0,6,100,100
3,nurse,0,7.5,99,99
3,nurse,12.5,1.5,97,97
3,nurse,12.5,3,98,98
3,nurse,12.5,4.5,99,99
3,nurse,12.5,6,100,100
3,nurse,12.5,7.5,99,99
3,nurse,25,1.5,97,97
3,nurse,25,3,100,100
3,nurse,25,4.5,99,99
3,nurse,25,6,98,98
3,nurse,25,7.5,99,99
3,nurse,100,1.5,96,96
3,nurse,100,3,99,99
3,nurse,100,4.5,100,100
3,nurse,100,6,100,100
3,nurse,100,7.5,99,99
3,nurse,125,1.5,95,95
3,nurse,125,3,97,97
3,nurse,125,4.5,100,100
3,nurse,125,6,100,100
3,nurse,125,7.5,99,99
3,nurse,150,1.5,96,96
3,nurse,150,3,98,98
3,nurse,150,4.5,100,100
3,nurse,150,6,100,100
3,nurse,150,7.5,100,100
3,nurse,175,1.5,96,96
3,nurse,175,3,99,99
3,nurse,175,4.5,100,100
3,nurse,175,6,100,100
3,nurse,175,7.5,99,99
3,nurse,200,1.5,97,97
3,nurse,200,3,99,99
3,nurse,200,4.5,100,100
3,nurse,200,6,100,100
3,nurse,200,7.5,100,100
3,painter,-100,1.5,88,61
3,painter,-100,3,95,78
3,painter,-100,4.5,95,82
3,painter,-100,6,96,88
3,painter,-100,7.5,98,84
3,painter,-50,1.5,90,66
3,painter,-50,3,99,76
3,painter,-50,4.5,96,76
3,painter,-50,6,97,78
3,painter,-50,7.5,95,78
3,painter,0,1.5,87,59
3,painter,0,3,94,69
3,painter,0,4.5,95,66
3,painter,0,6,95,64
3,painter,0,7.5,96,66
3,painter,6.25,1.5,89,60
3,painter,6.25,3,96,66
3,painter,6.25,4.5,95,64
3,painter,6.25,6,97,68
3,painter,6.25,7.5,95,66
3,painter,12.5,1.5,91,62
3,painter,12.5,3,93,63
3,painter,12.5,4.5,90,59
3,painter,12.5,6,95,66
3,painter,12.5,7.5,97,64
3,painter,25,1.5,92,62
3,painter,25,3,95,63
3,painter,25,4.5,96,60
3,painter,25,6,95,60
3,painter,25,7.5,97,59
3,painter,50,1.5,88,59
3,painter,50,3,95,56
3,painter,50,4.5,97,53
3,painter,50,6,95,51
3,painter,50,7.5,95,51
3,painter,125,1.5,91,57
3,painter,125,3,94,44
3,painter,125,4.5,95,42
3,painter,125,6,96,38
3,painter,125,7.5,97,31
3,photographer,-100,1.5,86,61
3,photographer,-100,3,95,71
3,photographer,-100,4.5,90,67
3,photographer,-100,6,93,67
3,photographer,-100,7.5,95,71
3,photographer,-87.5,1.5,84,60
3,photographer,-87.5,3,95,73
3,photographer,-87.5,4.5,89,66
3,photographer,-87.5,6,94,64
3,photographer,-87.5,7.5,94,68
3,photographer,-75,1.5,89,63
3,photographer,-75,3,94,72
3,photographer,-75,4.5,91,61
3,photographer,-75,6,96,66
3,photographer,-75,7.5,93,67
3,photographer,-50,1.5,87,61
3,photographer,-50,3,94,69
3,photographer,-50,4.5,93,66
3,photographer,-50,6,97,64
3,photographer,-50,7.5,95,63
3,photographer,-37.5,1.5,87,62
3,photographer,-37.5,3,96,64
3,photographer,-37.5,4.5,94,64
3,photographer,-37.5,6,94,60
3,photographer,-37.5,7.5,96,63
3,photographer,-12.5,1.5,86,59
3,photographer,-12.5,3,92,59
3,photographer,-12.5,4.5,96,57
3,photographer,-12.5,6,93,54
3,photographer,-12.5,7.5,93,54
3,photographer,0,1.5,90,62
3,photographer,0,3,94,59
3,photographer,0,4.5,94,56
3,photographer,0,6,94,51
3,photographer,0,7.5,97,54
3,photographer,125,1.5,90,58
3,photographer,125,3,98,38
3,photographer,125,4.5,91,26
3,photographer,125,6,96,32
3,photographer,125,7.5,97,20
3,pilot,-200,1.5,91,26
3,pilot,-200,3,89,19
3,pilot,-200,4.5,89,15
3,pilot,-200,6,93,18
3,pilot,-200,7.5,95,14
3,pilot,-175,1.5,91,24
3,pilot,-175,3,91,14
3,pilot,-175,4.5,89,14
3,pilot,-175,6,92,13
3,pilot,-175,7.5,89,8
3,pilot,-150,1.5,88,22
3,pilot,-150,3,92,12
3,pilot,-150,4.5,88,12
3,pilot,-150,6,89,11
3,pilot,-150,7.5,93,7
3,pilot,-125,1.5,90,22
3,pilot,-125,3,90,7
3,pilot,-125,4.5,86,10
3,pilot,-125,6,94,8
3,pilot,-125,7.5,85,5
3,pilot,-100,1.5,87,19
3,pilot,-100,3,94,5
3,pilot,-100,4.5,90,9
3,pilot,-100,6,87,8
3,pilot,-100,7.5,88,4
3,pilot,-50,1.5,89,18
3,pilot,-50,3,91,6
3,pilot,-50,4.5,96,5
3,pilot,-50,6,95,5
3,pilot,-50,7.5,87,6
3,pilot,0,1.5,90,15
3,pilot,0,3,93,6
3,pilot,0,4.5,86,1
3,pilot,0,6,93,1
3,pilot,0,7.5,92,0
3,poet,0,1.5,92,54
3,poet,0,3,97,53
3,poet,0,4.5,99,53
3,poet,0,6,100,62
3,poet,0,7.5,100,59
3,poet,6.25,1.5,93,55
3,poet,6.25,3,100,57
3,poet,6.25,4.5,99,53
3,poet,6.25,6,100,60
3,poet,6.25,7.5,100,55
3,poet,12.5,1.5,93,54
3,poet,12.5,3,100,53
3,poet,12.5,4.5,99,50
3,poet,12.5,6,100,61
3,poet,12.5,7.5,100,49
3,poet,25,1.5,93,54
3,poet,25,3,98,51
3,poet,25,4.5,98,44
3,poet,25,6,100,51
3,poet,25,7.5,100,46
3,poet,50,1.5,91,49
3,poet,50,3,98,44
3,poet,50,4.5,98,40
3,poet,50,6,99,39
3,poet,50,7.5,99,30
3,poet,137.5,1.5,94,44
3,poet,137.5,3,98,31
3,poet,137.5,4.5,100,24
3,poet,137.5,6,99,16
3,poet,137.5,7.5,100,9
3,politician,-200,1.5,92,12
3,politician,-200,3,97,6
3,politician,-200,4.5,97,3
3,politician,-200,6,99,3
3,politician,-200,7.5,99,2
3,politician,-175,1.5,96,11
3,politician,-175,3,99,6
3,politician,-175,4.5,98,3
3,politician,-175,6,100,3
3,politician,-175,7.5,96,2
3,politician,-150,1.5,95,11
3,politician,-150,3,99,5
3,politician,-150,4.5,98,3
3,politician,-150,6,99,3
3,politician,-150,7.5,99,2
3,politician,-125,1.5,94,10
3,politician,-125,3,98,4
3,politician,-125,4.5,97,3
3,politician,-125,6,99,2
3,politician,-125,7.5,97,1
3,politician,-100,1.5,96,10
3,politician,-100,3,98,3
3,politician,-100,4.5,97,1
3,politician,-100,6,99,1
3,politician,-100,7.5,98,1
3,politician,-62.5,1.5,94,10
3,politician,-62.5,3,98,3
3,politician,-62.5,4.5,98,1
3,politician,-62.5,6,98,0
3,politician,-62.5,7.5,99,0
3,politician,0,1.5,94,10
3,politician,0,3,98,1
3,politician,0,4.5,96,0
3,politician,0,6,99,0
3,politician,0,7.5,95,0
3,professor,-175,1.5,97,29
3,professor,-175,3,99,33
3,professor,-175,4.5,100,32
3,professor,-175,6,99,31
3,professor,-175,7.5,99,29
3,professor,-150,1.5,98,28
3,professor,-150,3,99,29
3,professor,-150,4.5,98,23
3,professor,-150,6,100,32
3,professor,-150,7.5,100,26
3,professor,-125,1.5,97,28
3,professor,-125,3,99,27
3,professor,-125,4.5,99,22
3,professor,-125,6,100,28
3,professor,-125,7.5,100,25
3,professor,-100,1.5,97,28
3,professor,-100,3,98,24
3,professor,-100,4.5,100,23
3,professor,-100,6,100,21
3,professor,-100,7.5,99,21
3,professor,-50,1.5,98,29
3,professor,-50,3,98,21
3,professor,-50,4.5,100,16
3,professor,-50,6,98,14
3,professor,-50,7.5,100,14
3,professor,-37.5,1.5,98,28
3,professor,-37.5,3,100,19
3,professor,-37.5,4.5,100,13
3,professor,-37.5,6,99,13
3,professor,-37.5,7.5,100,14
3,professor,-12.5,1.5,98,26
3,professor,-12.5,3,98,15
3,professor,-12.5,4.5,100,11
3,professor,-12.5,6,98,9
3,professor,-12.5,7.5,100,10
3,professor,0,1.5,98,27
3,professor,0,3,97,14
3,professor,0,4.5,100,9
3,professor,0,6,97,9
3,professor,0,7.5,100,9
3,programmer,-200,1.5,89,7
3,programmer,-200,3,95,2
3,programmer,-200,4.5,95,2
3,programmer,-200,6,97,0
3,programmer,-200,7.5,92,0
3,programmer,-175,1.5,88,7
3,programmer,-175,3,94,1
3,programmer,-175,4.5,96,1
3,programmer,-175,6,94,0
3,programmer,-175,7.5,96,0
3,programmer,-150,1.5,90,5
3,programmer,-150,3,96,1
3,programmer,-150,4.5,96,0
3,programmer,-150,6,96,0
3,programmer,-150,7.5,97,0
3,programmer,-100,1.5,94,5
3,programmer,-100,3,98,1
3,programmer,-100,4.5,94,0
3,programmer,-100,6,96,0
3,programmer,-100,7.5,96,0
3,programmer,-37.5,1.5,94,5
3,programmer,-37.5,3,97,0
3,programmer,-37.5,4.5,96,0
3,programmer,-37.5,6,95,0
3,programmer,-37.5,7.5,95,0
3,programmer,-12.5,1.5,94,6
3,programmer,-12.5,3,97,0
3,programmer,-12.5,4.5,97,0
3,programmer,-12.5,6,95,0
3,programmer,-12.5,7.5,97,0
3,programmer,0,1.5,92,4
3,programmer,0,3,94,0
3,programmer,0,4.5,97,0
3,programmer,0,6,95,0
3,programmer,0,7.5,96,0
3,programmer,137.5,1.5,93,5
3,programmer,137.5,3,96,0
3,programmer,137.5,4.5,96,0
3,programmer,137.5,6,96,0
3,programmer,137.5,7.5,96,0
3,receptionist,0,1.5,98,96
3,receptionist,0,3,100,100
3,receptionist,0,4.5,100,100
3,receptionist,0,6,99,99
3,receptionist,0,7.5,99,99
3,receptionist,50,1.5,98,96
3,receptionist,50,3,100,100
3,receptionist,50,4.5,100,100
3,receptionist,50,6,99,99
3,receptionist,50,7.5,99,99
3,receptionist,100,1.5,100,99
3,receptionist,100,3,100,100
3,receptionist,100,4.5,100,100
3,receptionist,100,6,100,100
3,receptionist,100,7.5,99,99
3,receptionist,112.5,1.5,100,99
3,receptionist,112.5,3,100,100
3,receptionist,112.5,4.5,99,99
3,receptionist,112.5,6,100,100
3,receptionist,112.5,7.5,99,99
3,receptionist,125,1.5,100,99
3,receptionist,125,3,100,100
3,receptionist,125,4.5,99,99
3,receptionist,125,6,100,100
3,receptionist,125,7.5,99,99
3,receptionist,150,1.5,99,99
3,receptionist,150,3,99,99
3,receptionist,150,4.5,100,100
3,receptionist,150,6,100,100
3,receptionist,150,7.5,98,98
3,receptionist,175,1.5,98,98
3,receptionist,175,3,100,100
3,receptionist,175,4.5,100,100
3,receptionist,175,6,100,100
3,receptionist,175,7.5,100,100
3,receptionist,200,1.5,97,97
3,receptionist,200,3,99,99
3,receptionist,200,4.5,99,99
3,receptionist,200,6,100,100
3,receptionist,200,7.5,100,100
3,salesperson,-93.75,1.5,96,30
3,salesperson,-93.75,3,99,30
3,salesperson,-93.75,4.5,98,31
3,salesperson,-93.75,6,99,29
3,salesperson,-93.75,7.5,97,30
3,salesperson,-87.5,1.5,96,30
3,salesperson,-87.5,3,100,29
3,salesperson,-87.5,4.5,98,32
3,salesperson,-87.5,6,99,27
3,salesperson,-87.5,7.5,98,28
3,salesperson,-75,1.5,96,30
3,salesperson,-75,3,100,29
3,salesperson,-75,4.5,99,31
3,salesperson,-75,6,99,27
3,salesperson,-75,7.5,98,27
3,salesperson,-50,1.5,97,30
3,salesperson,-50,3,100,27
3,salesperson,-50,4.5,99,27
3,salesperson,-50,6,98,23
3,salesperson,-50,7.5,100,28
3,salesperson,-37.5,1.5,96,29
3,salesperson,-37.5,3,100,24
3,salesperson,-37.5,4.5,100,24
3,salesperson,-37.5,6,98,21
3,salesperson,-37.5,7.5,98,22
3,salesperson,0,1.5,97,27
3,salesperson,0,3,100,17
3,salesperson,0,4.5,99,15
3,salesperson,0,6,99,16
3,salesperson,0,7.5,99,18
3,salesperson,125,1.5,96,23
3,salesperson,125,3,99,9
3,salesperson,125,4.5,99,7
3,salesperson,125,6,99,6
3,salesperson,125,7.5,96,4
3,scientist,-12.5,1.5,96,78
3,scientist,-12.5,3,99,85
3,scientist,-12.5,4.5,98,90
3,scientist,-12.5,6,100,93
3,scientist,-12.5,7.5,97,93
3,scientist,0,1.5,96,77
3,scientist,0,3,99,83
3,scientist,0,4.5,100,90
3,scientist,0,6,99,90
3,scientist,0,7.5,100,92
3,scientist,50,1.5,95,75
3,scientist,50,3,99,80
3,scientist,50,4.5,99,83
3,scientist,50,6,100,84
3,scientist,50,7.5,100,92
3,scientist,75,1.5,96,70
3,scientist,75,3,97,76
3,scientist,75,4.5,100,78
3,scientist,75,6,100,78
3,scientist,75,7.5,100,78
3,scientist,87.5,1.5,95,70
3,scientist,87.5,3,97,72
3,scientist,87.5,4.5,99,74
3,scientist,87.5,6,100,75
3,scientist,87.5,7.5,100,76
3,scientist,100,1.5,98,70
3,scientist,100,3,97,69
3,scientist,100,4.5,100,73
3,scientist,100,6,99,67
3,scientist,100,7.5,100,69
3,scientist,150,1.5,99,68
3,scientist,150,3,98,60
3,scientist,150,4.5,99,49
3,scientist,150,6,99,44
3,scientist,150,7.5,99,38
3,singer,-12.5,1.5,93,71
3,singer,-12.5,3,97,74
3,singer,-12.5,4.5,98,76
3,singer,-12.5,6,100,74
3,singer,-12.5,7.5,99,76
3,singer,0,1.5,95,71
3,singer,0,3,97,70
3,singer,0,4.5,99,75
3,singer,0,6,98,72
3,singer,0,7.5,99,71
3,singer,6.25,1.5,93,69
3,singer,6.25,3,95,70
3,singer,6.25,4.5,97,71
3,singer,6.25,6,100,74
3,singer,6.25,7.5,99,72
3,singer,12.5,1.5,94,69
3,singer,12.5,3,99,70
3,singer,12.5,4.5,99,70
3,singer,12.5,6,98,71
3,singer,12.5,7.5,99,68
3,singer,25,1.5,94,66
3,singer,25,3,97,69
3,singer,25,4.5,99,66
3,singer,25,6,99,67
3,singer,25,7.5,99,63
3,singer,50,1.5,93,63
3,singer,50,3,98,63
3,singer,50,4.5,98,59
3,singer,50,6,99,51
3,singer,50,7.5,99,50
3,singer,150,1.5,94,62
3,singer,150,3,97,51
3,singer,150,4.5,99,41
3,singer,150,6,99,30
3,singer,150,7.5,96,28
3,student,-137.5,1.5,97,79
3,student,-137.5,3,99,83
3,student,-137.5,4.5,99,81
3,student,-137.5,6,99,77
3,student,-137.5,7.5,98,77
3,student,-125,1.5,97,78
3,student,-125,3,100,83
3,student,-125,4.5,99,80
3,student,-125,6,99,81
3,student,-125,7.5,97,76
3,student,-100,1.5,95,74
3,student,-100,3,100,82
3,student,-100,4.5,99,76
3,student,-100,6,98,75
3,student,-100,7.5,97,74
3,student,-50,1.5,95,75
3,student,-50,3,98,77
3,student,-50,4.5,98,75
3,student,-50,6,100,71
3,student,-50,7.5,98,71
3,student,0,1.5,95,72
3,student,0,3,100,76
3,student,0,4.5,100,70
3,student,0,6,99,69
3,student,0,7.5,99,67
3,student,37.5,1.5,97,75
3,student,37.5,3,100,75
3,student,37.5,4.5,99,64
3,student,37.5,6,100,67
3,student,37.5,7.5,98,59
3,student,62.5,1.5,99,70
3,student,62.5,3,100,70
3,student,62.5,4.5,99,62
3,student,62.5,6,99,63
3,student,62.5,7.5,99,58
3,student,125,1.5,99,65
3,student,125,3,100,63
3,student,125,4.5,100,58
3,student,125,6,100,53
3,student,125,7.5,98,48
3,supervisor,-200,1.5,99,25
3,supervisor,-200,3,99,15
3,supervisor,-200,4.5,99,18
3,supervisor,-200,6,100,20
3,supervisor,-200,7.5,100,19
3,supervisor,-150,1.5,96,20
3,supervisor,-150,3,98,14
3,supervisor,-150,4.5,99,14
3,supervisor,-150,6,99,14
3,supervisor,-150,7.5,98,13
3,supervisor,-100,1.5,95,20
3,supervisor,-100,3,99,14
3,supervisor,-100,4.5,100,13
3,supervisor,-100,6,100,11
3,supervisor,-100,7.5,100,11
3,supervisor,-75,1.5,95,18
3,supervisor,-75,3,99,12
3,supervisor,-75,4.5,99,12
3,supervisor,-75,6,100,10
3,supervisor,-75,7.5,100,9
3,supervisor,-50,1.5,96,15
3,supervisor,-50,3,100,13
3,supervisor,-50,4.5,100,9
3,supervisor,-50,6,100,9
3,supervisor,-50,7.5,100,10
3,supervisor,-37.5,1.5,96,15
3,supervisor,-37.5,3,100,13
3,supervisor,-37.5,4.5,100,9
3,supervisor,-37.5,6,99,9
3,supervisor,-37.5,7.5,100,9
3,supervisor,0,1.5,96,18
3,supervisor,0,3,100,8
3,supervisor,0,4.5,100,8
3,supervisor,0,6,99,8
3,supervisor,0,7.5,100,8
3,supervisor,125,1.5,98,15
3,supervisor,125,3,100,6
3,supervisor,125,4.5,100,4
3,supervisor,125,6,100,3
3,supervisor,125,7.5,100,0
3,teacher,0,1.5,97,94
3,teacher,0,3,98,98
3,teacher,0,4.5,97,97
3,teacher,0,6,99,99
3,teacher,0,7.5,99,99
3,teacher,37.5,1.5,93,91
3,teacher,37.5,3,98,98
3,teacher,37.5,4.5,100,99
3,teacher,37.5,6,99,99
3,teacher,37.5,7.5,99,99
3,teacher,87.5,1.5,94,91
3,teacher,87.5,3,98,98
3,teacher,87.5,4.5,98,97
3,teacher,87.5,6,98,98
3,teacher,87.5,7.5,99,98
3,teacher,100,1.5,94,91
3,teacher,100,3,99,99
3,teacher,100,4.5,98,97
3,teacher,100,6,99,97
3,teacher,100,7.5,99,97
3,teacher,125,1.5,92,90
3,teacher,125,3,100,98
3,teacher,125,4.5,98,97
3,teacher,125,6,99,96
3,teacher,125,7.5,97,93
3,teacher,150,1.5,93,88
3,teacher,150,3,100,96
3,teacher,150,4.5,97,93
3,teacher,150,6,98,93
3,teacher,150,7.5,98,93
3,teacher,200,1.5,93,88
3,teacher,200,3,96,92
3,teacher,200,4.5,98,93
3,teacher,200,6,98,92
3,teacher,200,7.5,100,92
3,technician,-200,1.5,93,10
3,technician,-200,3,99,3
3,technician,-200,4.5,100,3
3,technician,-200,6,99,0
3,technician,-200,7.5,97,4
3,technician,-175,1.5,91,8
3,technician,-175,3,99,3
3,technician,-175,4.5,99,1
3,technician,-175,6,100,1
3,technician,-175,7.5,98,2
3,technician,-150,1.5,95,7
3,technician,-150,3,99,2
3,technician,-150,4.5,100,0
3,technician,-150,6,100,2
3,technician,-150,7.5,98,1
3,technician,-100,1.5,96,8
3,technician,-100,3,99,1
3,technician,-100,4.5,100,0
3,technician,-100,6,100,0
3,technician,-100,7.5,98,0
3,technician,-50,1.5,97,6
3,technician,-50,3,97,0
3,technician,-50,4.5,100,0
3,technician,-50,6,99,0
3,technician,-50,7.5,99,0
3,technician,-25,1.5,98,6
3,technician,-25,3,99,0
3,technician,-25,4.5,100,0
3,technician,-25,6,99,0
3,technician,-25,7.5,100,0
3,technician,0,1.5,97,5
3,technician,0,3,99,0
3,technician,0,4.5,100,0
3,technician,0,6,99,0
3,technician,0,7.5,99,0
3,technician,125,1.5,96,5
3,technician,125,3,100,0
3,technician,125,4.5,99,0
3,technician,125,6,99,0
3,technician,125,7.5,100,0
3,writer,0,1.5,95,80
3,writer,0,3,99,89
3,writer,0,4.5,100,94
3,writer,0,6,98,92
3,writer,0,7.5,100,96
3,writer,50,1.5,94,80
3,writer,50,3,100,86
3,writer,50,4.5,97,84
3,writer,50,6,99,84
3,writer,50,7.5,100,89
3,writer,56.25,1.5,90,76
3,writer,56.25,3,99,85
3,writer,56.25,4.5,99,82
3,writer,56.25,6,98,80
3,writer,56.25,7.5,100,88
3,writer,62.5,1.5,93,78
3,writer,62.5,3,100,85
3,writer,62.5,4.5,99,82
3,writer,62.5,6,98,79
3,writer,62.5,7.5,100,83
3,writer,75,1.5,90,75
3,writer,75,3,100,83
3,writer,75,4.5,99,81
3,writer,75,6,99,79
3,writer,75,7.5,100,80
3,writer,112.5,1.5,93,77
3,writer,112.5,3,100,79
3,writer,112.5,4.5,99,78
3,writer,112.5,6,99,75
3,writer,112.5,7.5,100,72
3,writer,150,1.5,89,68
3,writer,150,3,97,73
3,writer,150,4.5,99,72
3,writer,150,6,100,71
3,writer,150,7.5,99,65
4,accountant,-50,1.5,67,21
4,accountant,-50,3,76,20
4,accountant,-50,4.5,84,23
4,accountant,-50,6,78,18
4,accountant,-50,7.5,80,28
4,accountant,-43.75,1.5,69,24
4,accountant,-43.75,3,78,22
4,accountant,-43.75,4.5,77,22
4,accountant,-43.75,6,82,19
4,accountant,-43.75,7.5,75,29
4,accountant,-37.5,1.5,67,22
4,accountant,-37.5,3,72,16
4,accountant,-37.5,4.5,80,21
4,accountant,-37.5,6,80,16
4,accountant,-37.5,7.5,82,27
4,accountant,-25,1.5,64,22
4,accountant,-25,3,72,19
4,accountant,-25,4.5,79,18
4,accountant,-25,6,76,14
4,accountant,-25,7.5,82,21
4,accountant,-12.5,1.5,65,21
4,accountant,-12.5,3,75,20
4,accountant,-12.5,4.5,81,18
4,accountant,-12.5,6,82,15
4,accountant,-12.5,7.5,74,25
4,accountant,0,1.5,67,19
4,accountant,0,3,75,13
4,accountant,0,4.5,82,15
4,accountant,0,6,75,13
4,accountant,0,7.5,74,13
4,assistant,0,1.5,72,52
4,assistant,0,3,91,63
4,assistant,0,4.5,92,68
4,assistant,0,6,94,69
4,assistant,0,7.5,99,74
4,assistant,12.5,1.5,76,53
4,assistant,12.5,3,90,61
4,assistant,12.5,4.5,93,64
4,assistant,12.5,6,96,69
4,assistant,12.5,7.5,94,69
4,assistant,18.75,1.5,79,56
4,assistant,18.75,3,94,62
4,assistant,18.75,4.5,94,68
4,assistant,18.75,6,97,73
4,assistant,18.75,7.5,93,62
4,assistant,25,1.5,77,55
4,assistant,25,3,92,60
4,assistant,25,4.5,95,68
4,assistant,25,6,93,67
4,assistant,25,7.5,94,63
4,assistant,50,1.5,75,51
4,assistant,50,3,91,57
4,assistant,50,4.5,94,59
4,assistant,50,6,97,64
4,assistant,50,7.5,97,54
4,assistant,100,1.5,69,48
4,assistant,100,3,93,46
4,assistant,100,4.5,92,43
4,assistant,100,6,93,39
4,assistant,100,7.5,90,29
4,athlete,-200,1.5,85,14
4,athlete,-200,3,91,10
4,athlete,-200,4.5,87,8
4,athlete,-200,6,93,3
4,athlete,-200,7.5,88,7
4,athlete,-175,1.5,87,13
4,athlete,-175,3,92,8
4,athlete,-175,4.5,95,2
4,athlete,-175,6,93,2
4,athlete,-175,7.5,90,2
4,athlete,-150,1.5,84,13
4,athlete,-150,3,91,9
4,athlete,-150,4.5,93,4
4,athlete,-150,6,95,2
4,athlete,-150,7.5,94,2
4,athlete,-100,1.5,85,15
4,athlete,-100,3,95,8
4,athlete,-100,4.5,91,2
4,athlete,-100,6,99,0
4,athlete,-100,7.5,93,1
4,athlete,-75,1.5,85,14
4,athlete,-75,3,95,9
4,athlete,-75,4.5,96,1
4,athlete,-75,6,96,0
4,athlete,-75,7.5,95,2
4,athlete,-37.5,1.5,86,13
4,athlete,-37.5,3,94,8
4,athlete,-37.5,4.5,99,3
4,athlete,-37.5,6,94,1
4,athlete,-37.5,7.5,97,0
4,athlete,0,1.5,84,9
4,athlete,0,3,98,7
4,athlete,0,4.5,93,3
4,athlete,0,6,92,0
4,athlete,0,7.5,92,1
4,author,0,1.5,71,58
4,author,0,3,87,82
4,author,0,4.5,90,82
4,author,0,6,89,80
4,author,0,7.5,95,84
4,author,37.5,1.5,72,59
4,author,37.5,3,88,82
4,author,37.5,4.5,88,75
4,author,37.5,6,94,79
4,author,37.5,7.5,91,82
4,author,50,1.5,67,56
4,author,50,3,85,75
4,author,50,4.5,92,77
4,author,50,6,96,82
4,author,50,7.5,91,79
4,author,56.25,1.5,70,56
4,author,56.25,3,88,79
4,author,56.25,4.5,91,78
4,author,56.25,6,95,81
4,author,56.25,7.5,92,74
4,author,62.5,1.5,69,56
4,author,62.5,3,89,79
4,author,62.5,4.5,92,75
4,author,62.5,6,91,74
4,author,62.5,7.5,92,71
4,author,75,1.5,72,58
4,author,75,3,88,78
4,author,75,4.5,88,69
4,author,75,6,94,75
4,author,75,7.5,95,75
4,ceo,-200,1.5,94,10
4,ceo,-200,3,95,1
4,ceo,-200,4.5,95,1
4,ceo,-200,6,97,1
4,ceo,-200,7.5,97,1
4,ceo,-175,1.5,93,7
4,ceo,-175,3,92,1
4,ceo,-175,4.5,94,0
4,ceo,-175,6,97,1
4,ceo,-175,7.5,97,1
4,ceo,-150,1.5,94,6
4,ceo,-150,3,94,1
4,ceo,-150,4.5,93,0
4,ceo,-150,6,97,1
4,ceo,-150,7.5,99,1
4,ceo,-100,1.5,95,6
4,ceo,-100,3,96,1
4,ceo,-100,4.5,99,0
4,ceo,-100,6,99,1
4,ceo,-100,7.5,98,0
4,ceo,-50,1.5,95,6
4,ceo,-50,3,96,1
4,ceo,-50,4.5,97,0
4,ceo,-50,6,99,1
4,ceo,-50,7.5,99,0
4,ceo,-25,1.5,93,6
4,ceo,-25,3,97,1
4,ceo,-25,4.5,99,0
4,ceo,-25,6,99,1
4,ceo,-25,7.5,100,0
4,ceo,0,1.5,92,4
4,ceo,0,3,96,1
4,ceo,0,4.5,100,0
4,ceo,0,6,97,1
4,ceo,0,7.5,98,0
4,chef,-200,1.5,94,11
4,chef,-200,3,96,7
4,chef,-200,4.5,98,6
4,chef,-200,6,97,6
4,chef,-200,7.5,98,3
4,chef,-175,1.5,93,11
4,chef,-175,3,99,5
4,chef,-175,4.5,99,6
4,chef,-175,6,97,2
4,chef,-175,7.5,98,2
4,chef,-150,1.5,93,8
4,chef,-150,3,97,5
4,chef,-150,4.5,99,6
4,chef,-150,6,98,2
4,chef,-150,7.5,99,3
4,chef,-100,1.5,94,10
4,chef,-100,3,98,5
4,chef,-100,4.5,99,6
4,chef,-100,6,98,5
4,chef,-100,7.5,99,5
4,chef,-50,1.5,95,12
4,chef,-50,3,96,7
4,chef,-50,4.5,100,6
4,chef,-50,6,98,4
4,chef,-50,7.5,100,3
4,chef,0,1.5,91,7
4,chef,0,3,97,7
4,chef,0,4.5,100,4
4,chef,0,6,100,1
4,chef,0,7.5,99,2
4,cook,-137.5,1.5,88,33
4,cook,-137.5,3,96,31
4,cook,-137.5,4.5,97,42
4,cook,-137.5,6,99,35
4,cook,-137.5,7.5,98,39
4,cook,-125,1.5,89,35
4,cook,-125,3,95,34
4,cook,-125,4.5,97,39
4,cook,-125,6,97,33
4,cook,-125,7.5,98,34
4,cook,-100,1.5,90,36
4,cook,-100,3,97,29
4,cook,-100,4.5,96,38
4,cook,-100,6,98,31
4,cook,-100,7.5,99,35
4,cook,-50,1.5,89,35
4,cook,-50,3,96,25
4,cook,-50,4.5,98,29
4,cook,-50,6,99,27
4,cook,-50,7.5,98,25
4,cook,0,1.5,90,29
4,cook,0,3,99,20
4,cook,0,4.5,97,28
4,cook,0,6,99,24
4,cook,0,7.5,96,25
4,doctor,-93.75,1.5,84,35
4,doctor,-93.75,3,95,50
4,doctor,-93.75,4.5,94,53
4,doctor,-93.75,6,95,43
4,doctor,-93.75,7.5,90,42
4,doctor,-87.5,1.5,83,36
4,doctor,-87.5,3,95,51
4,doctor,-87.5,4.5,91,51
4,doctor,-87.5,6,92,42
4,doctor,-87.5,7.5,94,42
4,doctor,-75,1.5,83,39
4,doctor,-75,3,92,45
4,doctor,-75,4.5,93,49
4,doctor,-75,6,94,45
4,doctor,-75,7.5,94,40
4,doctor,-62.5,1.5,85,38
4,doctor,-62.5,3,89,43
4,doctor,-62.5,4.5,94,45
4,doctor,-62.5,6,93,44
4,doctor,-62.5,7.5,91,38
4,doctor,-50,1.5,83,36
4,doctor,-50,3,91,44
4,doctor,-50,4.5,92,45
4,doctor,-50,6,89,38
4,doctor,-50,7.5,95,40
4,doctor,-25,1.5,83,36
4,doctor,-25,3,93,48
4,doctor,-25,4.5,93,45
4,doctor,-25,6,92,39
4,doctor,-25,7.5,90,33
4,doctor,0,1.5,85,38
4,doctor,0,3,90,41
4,doctor,0,4.5,96,38
4,doctor,0,6,91,29
4,doctor,0,7.5,94,25
4,engineer,-200,1.5,77,4
4,engineer,-200,3,91,4
4,engineer,-200,4.5,96,2
4,engineer,-200,6,89,0
4,engineer,-200,7.5,84,0
4,engineer,-175,1.5,80,4
4,engineer,-175,3,87,3
4,engineer,-175,4.5,93,1
4,engineer,-175,6,89,0
4,engineer,-175,7.5,86,0
4,engineer,-150,1.5,77,5
4,engineer,-150,3,86,0
4,engineer,-150,4.5,91,1
4,engineer,-150,6,89,0
4,engineer,-150,7.5,87,0
4,engineer,-100,1.5,79,6
4,engineer,-100,3,88,1
4,engineer,-100,4.5,88,0
4,engineer,-100,6,90,0
4,engineer,-100,7.5,91,0
4,engineer,-37.5,1.5,78,3
4,engineer,-37.5,3,90,0
4,engineer,-37.5,4.5,92,0
4,engineer,-37.5,6,97,0
4,engineer,-37.5,7.5,92,0
4,engineer,-25,1.5,80,5
4,engineer,-25,3,89,0
4,engineer,-25,4.5,89,0
4,engineer,-25,6,95,0
4,engineer,-25,7.5,89,0
4,engineer,0,1.5,78,5
4,engineer,0,3,92,0
4,engineer,0,4.5,92,0
4,engineer,0,6,96,0
4,engineer,0,7.5,89,0
4,entrepreneur,-200,1.5,82,17
4,entrepreneur,-200,3,90,10
4,entrepreneur,-200,4.5,97,8
4,entrepreneur,-200,6,94,8
4,entrepreneur,-200,7.5,93,7
4,entrepreneur,-150,1.5,77,15
4,entrepreneur,-150,3,92,11
4,entrepreneur,-150,4.5,98,7
4,entrepreneur,-150,6,95,5
4,entrepreneur,-150,7.5,96,4
4,entrepreneur,-100,1.5,81,17
4,entrepreneur,-100,3,90,8
4,entrepreneur,-100,4.5,97,6
4,entrepreneur,-100,6,99,3
4,entrepreneur,-100,7.5,97,2
4,entrepreneur,-62.5,1.5,82,16
4,entrepreneur,-62.5,3,93,9
4,entrepreneur,-62.5,4.5,97,4
4,entrepreneur,-62.5,6,99,3
4,entrepreneur,-62.5,7.5,99,3
4,entrepreneur,-50,1.5,83,19
4,entrepreneur,-50,3,94,10
4,entrepreneur,-50,4.5,97,4
4,entrepreneur,-50,6,98,3
4,entrepreneur,-50,7.5,98,1
4,entrepreneur,-37.5,1.5,81,17
4,entrepreneur,-37.5,3,93,10
4,entrepreneur,-37.5,4.5,98,5
4,entrepreneur,-37.5,6,99,3
4,entrepreneur,-37.5,7.5,98,1
4,entrepreneur,0,1.5,83,17
4,entrepreneur,0,3,93,7
4,entrepreneur,0,4.5,97,5
4,entrepreneur,0,6,99,1
4,entrepreneur,0,7.5,99,0
4,fashion designer,0,1.5,76,75
4,fashion designer,0,3,90,90
4,fashion designer,0,4.5,95,95
4,fashion designer,0,6,96,96
4,fashion designer,0,7.5,99,99
4,fashion designer,12.5,1.5,75,73
4,fashion designer,12.5,3,93,93
4,fashion designer,12.5,4.5,96,96
4,fashion designer,12.5,6,96,96
4,fashion designer,12.5,7.5,97,97
4,fashion designer,25,1.5,79,76
4,fashion designer,25,3,92,92
4,fashion designer,25,4.5,94,94
4,fashion designer,25,6,98,98
4,fashion designer,25,7.5,99,99
4,fashion designer,100,1.5,77,75
4,fashion designer,100,3,98,98
4,fashion designer,100,4.5,98,98
4,fashion designer,100,6,98,98
4,fashion designer,100,7.5,99,99
4,fashion designer,150,1.5,80,78
4,fashion designer,150,3,93,93
4,fashion designer,150,4.5,96,96
4,fashion designer,150,6,98,98
4,fashion designer,150,7.5,99,99
4,fashion designer,175,1.5,81,78
4,fashion designer,175,3,91,91
4,fashion designer,175,4.5,93,93
4,fashion designer,175,6,100,100
4,fashion designer,175,7.5,100,100
4,fashion designer,200,1.5,75,73
4,fashion designer,200,3,96,96
4,fashion designer,200,4.5,96,96
4,fashion designer,200,6,98,98
4,fashion designer,200,7.5,99,99
4,firefighter,-200,1.5,63,11
4,firefighter,-200,3,83,12
4,firefighter,-200,4.5,85,10
4,firefighter,-200,6,82,6
4,firefighter,-200,7.5,88,6
4,firefighter,-150,1.5,67,15
4,firefighter,-150,3,87,8
4,firefighter,-150,4.5,91,10
4,firefighter,-150,6,84,7
4,firefighter,-150,7.5,84,5
4,firefighter,-100,1.5,66,14
4,firefighter,-100,3,79,9
4,firefighter,-100,4.5,87,11
4,firefighter,-100,6,87,5
4,firefighter,-100,7.5,86,9
4,firefighter,-50,1.5,64,16
4,firefighter,-50,3,82,6
4,firefighter,-50,4.5,85,3
4,firefighter,-50,6,92,6
4,firefighter,-50,7.5,88,5
4,firefighter,0,1.5,55,13
4,firefighter,0,3,82,11
4,firefighter,0,4.5,89,8
4,firefighter,0,6,84,7
4,firefighter,0,7.5,89,6
4,intern,0,1.5,74,61
4,intern,0,3,91,75
4,intern,0,4.5,93,80
4,intern,0,6,93,76
4,intern,0,7.5,94,78
4,intern,6.25,1.5,73,58
4,intern,6.25,3,88,71
4,intern,6.25,4.5,94,78
4,intern,6.25,6,96,78
4,intern,6.25,7.5,95,79
4,intern,12.5,1.5,72,59
4,intern,12.5,3,90,69
4,intern,12.5,4.5,86,73
4,intern,12.5,6,96,79
4,intern,12.5,7.5,94,73
4,intern,25,1.5,75,62
4,intern,25,3,89,69
4,intern,25,4.5,95,76
4,intern,25,6,96,79
4,intern,25,7.5,97,75
4,intern,50,1.5,74,61
4,intern,50,3,87,63
4,intern,50,4.5,94,69
4,intern,50,6,97,72
4,intern,50,7.5,93,73
4,journalist,-50,1.5,80,33
4,journalist,-50,3,89,40
4,journalist,-50,4.5,96,44
4,journalist,-50,6,95,50
4,journalist,-50,7.5,94,55
4,journalist,-25,1.5,79,34
4,journalist,-25,3,89,45
4,journalist,-25,4.5,95,39
4,journalist,-25,6,97,47
4,journalist,-25,7.5,95,53
4,journalist,-12.5,1.5,80,35
4,journalist,-12.5,3,89,41
4,journalist,-12.5,4.5,96,36
4,journalist,-12.5,6,95,50
4,journalist,-12.5,7.5,93,50
4,journalist,-6.25,1.5,78,34
4,journalist,-6.25,3,92,42
4,journalist,-6.25,4.5,94,37
4,journalist,-6.25,6,95,47
4,journalist,-6.25,7.5,94,48
4,journalist,0,1.5,82,37
4,journalist,0,3,90,38
4,journalist,0,4.5,96,34
4,journalist,0,6,94,38
4,journalist,0,7.5,95,44
4,librarian,0,1.5,77,72
4,librarian,0,3,91,90
4,librarian,0,4.5,95,94
4,librarian,0,6,95,95
4,librarian,0,7.5,97,97
4,librarian,37.5,1.5,79,72
4,librarian,37.5,3,86,86
4,librarian,37.5,4.5,95,95
4,librarian,37.5,6,95,95
4,librarian,37.5,7.5,98,98
4,librarian,75,1.5,83,76
4,librarian,75,3,90,90
4,librarian,75,4.5,96,95
4,librarian,75,6,97,95
4,librarian,75,7.5,98,98
4,librarian,100,1.5,82,73
4,librarian,100,3,88,87
4,librarian,100,4.5,97,97
4,librarian,100,6,95,95
4,librarian,100,7.5,98,98
4,librarian,150,1.5,81,73
4,librarian,150,3,90,86
4,librarian,150,4.5,96,96
4,librarian,150,6,96,96
4,librarian,150,7.5,98,96
4,librarian,175,1.5,84,73
4,librarian,175,3,92,89
4,librarian,175,4.5,95,90
4,librarian,175,6,97,94
4,librarian,175,7.5,98,95
4,librarian,200,1.5,87,77
4,librarian,200,3,93,85
4,librarian,200,4.5,95,92
4,librarian,200,6,97,96
4,librarian,200,7.5,97,96
4,mechanic,-200,1.5,79,2
4,mechanic,-200,3,92,1
4,mechanic,-200,4.5,94,0
4,mechanic,-200,6,89,0
4,mechanic,-200,7.5,94,0
4,mechanic,-175,1.5,79,0
4,mechanic,-175,3,90,0
4,mechanic,-175,4.5,95,0
4,mechanic,-175,6,89,1
4,mechanic,-175,7.5,92,0
4,mechanic,-150,1.5,77,1
4,mechanic,-150,3,91,0
4,mechanic,-150,4.5,94,0
4,mechanic,-150,6,93,0
4,mechanic,-150,7.5,96,1
4,mechanic,-125,1.5,78,1
4,mechanic,-125,3,90,0
4,mechanic,-125,4.5,97,0
4,mechanic,-125,6,96,0
4,mechanic,-125,7.5,96,0
4,mechanic,-100,1.5,74,0
4,mechanic,-100,3,92,0
4,mechanic,-100,4.5,94,0
4,mechanic,-100,6,96,0
4,mechanic,-100,7.5,98,0
4,mechanic,-62.5,1.5,73,1
4,mechanic,-62.5,3,87,0
4,mechanic,-62.5,4.5,94,0
4,mechanic,-62.5,6,97,0
4,mechanic,-62.5,7.5,95,0
4,mechanic,0,1.5,72,0
4,mechanic,0,3,89,0
4,mechanic,0,4.5,96,0
4,mechanic,0,6,94,0
4,mechanic,0,7.5,95,0
4,nurse,0,1.5,93,88
4,nurse,0,3,98,98
4,nurse,0,4.5,94,94
4,nurse,0,6,95,95
4,nurse,0,7.5,96,95
4,nurse,25,1.5,93,88
4,nurse,25,3,99,99
4,nurse,25,4.5,95,95
4,nurse,25,6,96,96
4,nurse,25,7.5,95,95
4,nurse,50,1.5,91,87
4,nurse,50,3,98,98
4,nurse,50,4.5,96,96
4,nurse,50,6,94,94
4,nurse,50,7.5,93,93
4,nurse,100,1.5,92,86
4,nurse,100,3,96,96
4,nurse,100,4.5,98,98
4,nurse,100,6,97,97
4,nurse,100,7.5,94,94
4,nurse,150,1.5,94,89
4,nurse,150,3,97,97
4,nurse,150,4.5,94,94
4,nurse,150,6,93,93
4,nurse,150,7.5,97,96
4,nurse,175,1.5,95,89
4,nurse,175,3,97,96
4,nurse,175,4.5,97,97
4,nurse,175,6,96,95
4,nurse,175,7.5,93,93
4,nurse,200,1.5,96,93
4,nurse,200,3,97,95
4,nurse,200,4.5,97,97
4,nurse,200,6,97,97
4,nurse,200,7.5,97,97
4,painter,-200,1.5,72,27
4,painter,-200,3,90,29
4,painter,-200,4.5,93,22
4,painter,-200,6,92,34
4,painter,-200,7.5,88,26
4,painter,-150,1.5,75,28
4,painter,-150,3,93,15
4,painter,-150,4.5,95,13
4,painter,-150,6,90,15
4,painter,-150,7.5,88,17
4,painter,-100,1.5,81,29
4,painter,-100,3,92,12
4,painter,-100,4.5,95,11
4,painter,-100,6,96,15
4,painter,-100,7.5,89,16
4,painter,-50,1.5,80,29
4,painter,-50,3,94,12
4,painter,-50,4.5,95,10
4,painter,-50,6,93,13
4,painter,-50,7.5,95,14
4,painter,-37.5,1.5,80,30
4,painter,-37.5,3,94,13
4,painter,-37.5,4.5,92,12
4,painter,-37.5,6,91,11
4,painter,-37.5,7.5,98,12
4,painter,-25,1.5,81,30
4,painter,-25,3,94,11
4,painter,-25,4.5,92,10
4,painter,-25,6,93,12
4,painter,-25,7.5,95,9
4,painter,0,1.5,78,26
4,painter,0,3,92,8
4,painter,0,4.5,96,12
4,painter,0,6,94,10
4,painter,0,7.5,90,8
4,photographer,-200,1.5,70,24
4,photographer,-200,3,83,17
4,photographer,-200,4.5,75,7
4,photographer,-200,6,79,11
4,photographer,-200,7.5,59,9
4,photographer,-175,1.5,71,18
4,photographer,-175,3,81,11
4,photographer,-175,4.5,78,7
4,photographer,-175,6,77,8
4,photographer,-175,7.5,61,6
4,photographer,-150,1.5,70,15
4,photographer,-150,3,79,9
4,photographer,-150,4.5,78,9
4,photographer,-150,6,72,7
4,photographer,-150,7.5,75,9
4,photographer,-100,1.5,69,17
4,photographer,-100,3,75,8
4,photographer,-100,4.5,84,6
4,photographer,-100,6,75,2
4,photographer,-100,7.5,72,4
4,photographer,-50,1.5,67,16
4,photographer,-50,3,79,7
4,photographer,-50,4.5,80,5
4,photographer,-50,6,78,4
4,photographer,-50,7.5,71,5
4,photographer,-25,1.5,67,16
4,photographer,-25,3,81,2
4,photographer,-25,4.5,86,3
4,photographer,-25,6,75,0
4,photographer,-25,7.5,76,1
4,photographer,0,1.5,62,15
4,photographer,0,3,83,5
4,photographer,0,4.5,81,4
4,photographer,0,6,72,2
4,photographer,0,7.5,72,1
4,pilot,-200,1.5,63,10
4,pilot,-200,3,81,3
4,pilot,-200,4.5,83,4
4,pilot,-200,6,83,1
4,pilot,-200,7.5,85,0
4,pilot,-175,1.5,69,9
4,pilot,-175,3,84,2
4,pilot,-175,4.5,88,1
4,pilot,-175,6,83,2
4,pilot,-175,7.5,81,2
4,pilot,-150,1.5,71,8
4,pilot,-150,3,86,0
4,pilot,-150,4.5,84,0
4,pilot,-150,6,81,1
4,pilot,-150,7.5,83,2
4,pilot,-100,1.5,71,6
4,pilot,-100,3,86,4
4,pilot,-100,4.5,88,0
4,pilot,-100,6,86,0
4,pilot,-100,7.5,84,1
4,pilot,-62.5,1.5,73,9
4,pilot,-62.5,3,89,3
4,pilot,-62.5,4.5,87,0
4,pilot,-62.5,6,89,0
4,pilot,-62.5,7.5,81,0
4,pilot,-37.5,1.5,68,7
4,pilot,-37.5,3,89,2
4,pilot,-37.5,4.5,90,0
4,pilot,-37.5,6,89,0
4,pilot,-37.5,7.5,83,0
4,pilot,0,1.5,71,5
4,pilot,0,3,89,0
4,pilot,0,4.5,94,0
4,pilot,0,6,89,0
4,pilot,0,7.5,87,1
4,poet,-100,1.5,73,55
4,poet,-100,3,73,57
4,poet,-100,4.5,77,62
4,poet,-100,6,82,70
4,poet,-100,7.5,80,68
4,poet,0,1.5,69,53
4,poet,0,3,74,51
4,poet,0,4.5,75,55
4,poet,0,6,79,60
4,poet,0,7.5,83,64
4,poet,25,1.5,73,54
4,poet,25,3,70,43
4,poet,25,4.5,80,52
4,poet,25,6,85,64
4,poet,25,7.5,83,62
4,poet,37.5,1.5,72,51
4,poet,37.5,3,70,41
4,poet,37.5,4.5,79,54
4,poet,37.5,6,83,58
4,poet,37.5,7.5,84,54
4,poet,43.75,1.5,69,50
4,poet,43.75,3,71,47
4,poet,43.75,4.5,81,52
4,poet,43.75,6,77,50
4,poet,43.75,7.5,86,52
4,poet,50,1.5,67,48
4,poet,50,3,72,46
4,poet,50,4.5,80,50
4,poet,50,6,81,57
4,poet,50,7.5,85,53
4,poet,87.5,1.5,71,49
4,poet,87.5,3,72,41
4,poet,87.5,4.5,80,40
4,poet,87.5,6,77,37
4,poet,87.5,7.5,85,42
4,politician,-200,1.5,88,4
4,politician,-200,3,94,1
4,politician,-200,4.5,96,1
4,politician,-200,6,98,2
4,politician,-200,7.5,92,1
4,politician,-175,1.5,88,4
4,politician,-175,3,94,2
4,politician,-175,4.5,96,2
4,politician,-175,6,96,1
4,politician,-175,7.5,95,3
4,politician,-150,1.5,92,6
4,politician,-150,3,94,2
4,politician,-150,4.5,98,3
4,politician,-150,6,98,2
4,politician,-150,7.5,95,2
4,politician,-100,1.5,87,5
4,politician,-100,3,97,1
4,politician,-100,4.5,100,1
4,politician,-100,6,99,2
4,politician,-100,7.5,97,1
4,politician,-25,1.5,90,7
4,politician,-25,3,95,1
4,politician,-25,4.5,98,0
4,politician,-25,6,99,2
4,politician,-25,7.5,97,2
4,politician,-12.5,1.5,90,7
4,politician,-12.5,3,96,1
4,politician,-12.5,4.5,98,0
4,politician,-12.5,6,98,2
4,politician,-12.5,7.5,100,2
4,politician,0,1.5,91,5
4,politician,0,3,93,1
4,politician,0,4.5,98,0
4,politician,0,6,98,1
4,politician,0,7.5,97,2
4,professor,-200,1.5,93,39
4,professor,-200,3,96,26
4,professor,-200,4.5,97,30
4,professor,-200,6,96,28
4,professor,-200,7.5,98,29
4,professor,-150,1.5,89,34
4,professor,-150,3,99,22
4,professor,-150,4.5,98,22
4,professor,-150,6,98,18
4,professor,-150,7.5,96,18
4,professor,-100,1.5,92,30
4,professor,-100,3,100,19
4,professor,-100,4.5,96,15
4,professor,-100,6,98,16
4,professor,-100,7.5,96,12
4,professor,-75,1.5,93,29
4,professor,-75,3,100,16
4,professor,-75,4.5,96,13
4,professor,-75,6,98,12
4,professor,-75,7.5,97,12
4,professor,-50,1.5,95,29
4,professor,-50,3,99,16
4,professor,-50,4.5,99,13
4,professor,-50,6,98,12
4,professor,-50,7.5,97,10
4,professor,-37.5,1.5,94,29
4,professor,-37.5,3,98,14
4,professor,-37.5,4.5,99,11
4,professor,-37.5,6,99,9
4,professor,-37.5,7.5,100,9
4,professor,0,1.5,93,28
4,professor,0,3,98,11
4,professor,0,4.5,96,6
4,professor,0,6,97,7
4,professor,0,7.5,97,5
4,programmer,-200,1.5,54,9
4,programmer,-200,3,81,3
4,programmer,-200,4.5,80,1
4,programmer,-200,6,79,0
4,programmer,-200,7.5,73,0
4,programmer,-175,1.5,56,12
4,programmer,-175,3,73,0
4,programmer,-175,4.5,79,0
4,programmer,-175,6,74,0
4,programmer,-175,7.5,73,1
4,programmer,-150,1.5,56,10
4,programmer,-150,3,73,2
4,programmer,-150,4.5,86,0
4,programmer,-150,6,83,0
4,programmer,-150,7.5,79,0
4,programmer,-100,1.5,57,6
4,programmer,-100,3,82,0
4,programmer,-100,4.5,86,1
4,programmer,-100,6,77,1
4,programmer,-100,7.5,80,0
4,programmer,-37.5,1.5,63,6
4,programmer,-37.5,3,75,1
4,programmer,-37.5,4.5,87,0
4,programmer,-37.5,6,86,0
4,programmer,-37.5,7.5,78,0
4,programmer,-25,1.5,67,5
4,programmer,-25,3,78,1
4,programmer,-25,4.5,88,1
4,programmer,-25,6,80,0
4,programmer,-25,7.5,76,0
4,programmer,0,1.5,60,8
4,programmer,0,3,80,0
4,programmer,0,4.5,82,0
4,programmer,0,6,84,0
4,programmer,0,7.5,74,0
4,receptionist,0,1.5,88,82
4,receptionist,0,3,97,97
4,receptionist,0,4.5,99,99
4,receptionist,0,6,97,97
4,receptionist,0,7.5,100,100
4,receptionist,25,1.5,92,85
4,receptionist,25,3,100,100
4,receptionist,25,4.5,100,100
4,receptionist,25,6,98,98
4,receptionist,25,7.5,99,99
4,receptionist,50,1.5,94,89
4,receptionist,50,3,98,98
4,receptionist,50,4.5,98,98
4,receptionist,50,6,97,97
4,receptionist,50,7.5,99,99
4,receptionist,100,1.5,89,82
4,receptionist,100,3,96,96
4,receptionist,100,4.5,97,96
4,receptionist,100,6,98,98
4,receptionist,100,7.5,98,98
4,receptionist,150,1.5,93,86
4,receptionist,150,3,100,99
4,receptionist,150,4.5,98,98
4,receptionist,150,6,99,99
4,receptionist,150,7.5,100,100
4,receptionist,175,1.5,91,84
4,receptionist,175,3,96,95
4,receptionist,175,4.5,99,99
4,receptionist,175,6,96,96
4,receptionist,175,7.5,99,99
4,receptionist,200,1.5,88,84
4,receptionist,200,3,95,94
4,receptionist,200,4.5,99,98
4,receptionist,200,6,97,97
4,receptionist,200,7.5,97,97
4,salesperson,-200,1.5,76,35
4,salesperson,-200,3,92,39
4,salesperson,-200,4.5,92,43
4,salesperson,-200,6,93,44
4,salesperson,-200,7.5,96,44
4,salesperson,-150,1.5,79,34
4,salesperson,-150,3,90,30
4,salesperson,-150,4.5,94,32
4,salesperson,-150,6,96,34
4,salesperson,-150,7.5,97,32
4,salesperson,-100,1.5,80,30
4,salesperson,-100,3,95,26
4,salesperson,-100,4.5,96,22
4,salesperson,-100,6,96,26
4,salesperson,-100,7.5,92,28
4,salesperson,-50,1.5,84,30
4,salesperson,-50,3,93,23
4,salesperson,-50,4.5,97,16
4,salesperson,-50,6,95,20
4,salesperson,-50,7.5,97,21
4,salesperson,-25,1.5,81,28
4,salesperson,-25,3,93,23
4,salesperson,-25,4.5,96,15
4,salesperson,-25,6,98,15
4,salesperson,-25,7.5,96,23
4,salesperson,0,1.5,80,26
4,salesperson,0,3,94,21
4,salesperson,0,4.5,97,14
4,salesperson,0,6,98,11
4,salesperson,0,7.5,96,11
4,scientist,-75,1.5,73,52
4,scientist,-75,3,82,67
4,scientist,-75,4.5,85,79
4,scientist,-75,6,79,68
4,scientist,-75,7.5,78,68
4,scientist,-37.5,1.5,74,54
4,scientist,-37.5,3,86,73
4,scientist,-37.5,4.5,88,76
4,scientist,-37.5,6,82,69
4,scientist,-37.5,7.5,87,74
4,scientist,0,1.5,75,52
4,scientist,0,3,81,63
4,scientist,0,4.5,87,72
4,scientist,0,6,77,60
4,scientist,0,7.5,79,60
4,scientist,25,1.5,79,60
4,scientist,25,3,86,68
4,scientist,25,4.5,86,69
4,scientist,25,6,90,72
4,scientist,25,7.5,81,67
4,scientist,37.5,1.5,75,56
4,scientist,37.5,3,83,65
4,scientist,37.5,4.5,89,67
4,scientist,37.5,6,85,65
4,scientist,37.5,7.5,87,68
4,scientist,43.75,1.5,79,58
4,scientist,43.75,3,87,68
4,scientist,43.75,4.5,84,62
4,scientist,43.75,6,81,60
4,scientist,43.75,7.5,87,63
4,scientist,50,1.5,75,56
4,scientist,50,3,81,65
4,scientist,50,4.5,88,66
4,scientist,50,6,89,66
4,scientist,50,7.5,83,60
4,singer,-50,1.5,67,55
4,singer,-50,3,87,73
4,singer,-50,4.5,84,72
4,singer,-50,6,85,77
4,singer,-50,7.5,85,79
4,singer,-25,1.5,67,52
4,singer,-25,3,89,78
4,singer,-25,4.5,84,70
4,singer,-25,6,86,77
4,singer,-25,7.5,91,86
4,singer,0,1.5,61,47
4,singer,0,3,88,75
4,singer,0,4.5,91,78
4,singer,0,6,90,80
4,singer,0,7.5,86,81
4,singer,25,1.5,65,52
4,singer,25,3,82,68
4,singer,25,4.5,88,76
4,singer,25,6,88,70
4,singer,25,7.5,89,79
4,singer,37.5,1.5,70,57
4,singer,37.5,3,83,73
4,singer,37.5,4.5,85,70
4,singer,37.5,6,89,76
4,singer,37.5,7.5,88,76
4,singer,43.75,1.5,66,57
4,singer,43.75,3,81,67
4,singer,43.75,4.5,88,72
4,singer,43.75,6,87,70
4,singer,43.75,7.5,90,74
4,singer,50,1.5,64,55
4,singer,50,3,86,67
4,singer,50,4.5,90,71
4,singer,50,6,88,75
4,singer,50,7.5,94,74
4,singer,100,1.5,64,57
4,singer,100,3,87,65
4,singer,100,4.5,88,54
4,singer,100,6,91,47
4,singer,100,7.5,93,41
4,student,-200,1.5,79,52
4,student,-200,3,87,59
4,student,-200,4.5,87,51
4,student,-200,6,94,55
4,student,-200,7.5,86,54
4,student,-150,1.5,78,49
4,student,-150,3,90,51
4,student,-150,4.5,92,50
4,student,-150,6,95,50
4,student,-150,7.5,89,51
4,student,-100,1.5,77,46
4,student,-100,3,90,53
4,student,-100,4.5,87,43
4,student,-100,6,90,39
4,student,-100,7.5,85,32
4,student,-50,1.5,80,49
4,student,-50,3,86,47
4,student,-50,4.5,92,44
4,student,-50,6,92,37
4,student,-50,7.5,92,38
4,student,0,1.5,77,48
4,student,0,3,89,43
4,student,0,4.5,91,37
4,student,0,6,92,28
4,student,0,7.5,93,24
4,student,50,1.5,75,49
4,student,50,3,92,40
4,student,50,4.5,94,29
4,student,50,6,93,24
4,student,50,7.5,95,18
4,student,87.5,1.5,71,41
4,student,87.5,3,92,35
4,student,87.5,4.5,93,27
4,student,87.5,6,94,18
4,student,87.5,7.5,93,16
4,student,100,1.5,75,43
4,student,100,3,92,31
4,student,100,4.5,93,24
4,student,100,6,91,17
4,student,100,7.5,90,16
4,supervisor,-200,1.5,82,13
4,supervisor,-200,3,93,7
4,supervisor,-200,4.5,99,17
4,supervisor,-200,6,91,12
4,supervisor,-200,7.5,91,11
4,supervisor,-175,1.5,81,12
4,supervisor,-175,3,96,7
4,supervisor,-175,4.5,95,11
4,supervisor,-175,6,93,8
4,supervisor,-175,7.5,92,8
4,supervisor,-150,1.5,83,16
4,supervisor,-150,3,96,10
4,supervisor,-150,4.5,92,9
4,supervisor,-150,6,94,7
4,supervisor,-150,7.5,95,9
4,supervisor,-100,1.5,83,16
4,supervisor,-100,3,96,6
4,supervisor,-100,4.5,95,8
4,supervisor,-100,6,90,6
4,supervisor,-100,7.5,96,4
4,supervisor,0,1.5,83,15
4,supervisor,0,3,96,4
4,supervisor,0,4.5,97,3
4,supervisor,0,6,95,2
4,supervisor,0,7.5,92,1
4,teacher,0,1.5,88,82
4,teacher,0,3,94,89
4,teacher,0,4.5,99,95
4,teacher,0,6,97,95
4,teacher,0,7.5,97,96
4,teacher,37.5,1.5,85,79
4,teacher,37.5,3,93,90
4,teacher,37.5,4.5,100,96
4,teacher,37.5,6,98,96
4,teacher,37.5,7.5,95,95
4,teacher,50,1.5,86,81
4,teacher,50,3,95,91
4,teacher,50,4.5,98,92
4,teacher,50,6,99,93
4,teacher,50,7.5,99,99
4,teacher,62.5,1.5,86,79
4,teacher,62.5,3,96,91
4,teacher,62.5,4.5,99,91
4,teacher,62.5,6,97,95
4,teacher,62.5,7.5,99,96
4,teacher,75,1.5,88,83
4,teacher,75,3,95,86
4,teacher,75,4.5,96,83
4,teacher,75,6,98,88
4,teacher,75,7.5,99,93
4,teacher,100,1.5,86,78
4,teacher,100,3,96,85
4,teacher,100,4.5,96,81
4,teacher,100,6,96,80
4,teacher,100,7.5,97,84
4,technician,-200,1.5,70,2
4,technician,-200,3,90,2
4,technician,-200,4.5,96,0
4,technician,-200,6,90,0
4,technician,-200,7.5,92,0
4,technician,-175,1.5,73,7
4,technician,-175,3,86,2
4,technician,-175,4.5,93,1
4,technician,-175,6,95,0
4,technician,-175,7.5,94,0
4,technician,-150,1.5,71,6
4,technician,-150,3,92,1
4,technician,-150,4.5,95,1
4,technician,-150,6,92,0
4,technician,-150,7.5,92,0
4,technician,-100,1.5,75,6
4,technician,-100,3,96,0
4,technician,-100,4.5,94,0
4,technician,-100,6,94,0
4,technician,-100,7.5,94,0
4,technician,-87.5,1.5,73,5
4,technician,-87.5,3,93,1
4,technician,-87.5,4.5,95,0
4,technician,-87.5,6,92,0
4,technician,-87.5,7.5,94,0
4,technician,-50,1.5,78,7
4,technician,-50,3,92,1
4,technician,-50,4.5,96,0
4,technician,-50,6,94,0
4,technician,-50,7.5,93,0
4,technician,0,1.5,68,3
4,technician,0,3,92,1
4,technician,0,4.5,94,0
4,technician,0,6,93,0
4,technician,0,7.5,95,1
4,writer,0,1.5,61,52
4,writer,0,3,76,64
4,writer,0,4.5,82,67
4,writer,0,6,79,71
4,writer,0,7.5,81,74
4,writer,25,1.5,71,60
4,writer,25,3,84,69
4,writer,25,4.5,85,69
4,writer,25,6,82,71
4,writer,25,7.5,86,73
4,writer,31.25,1.5,67,58
4,writer,31.25,3,79,64
4,writer,31.25,4.5,85,68
4,writer,31.25,6,80,68
4,writer,31.25,7.5,85,67
4,writer,37.5,1.5,66,56
4,writer,37.5,3,79,61
4,writer,37.5,4.5,89,71
4,writer,37.5,6,86,72
4,writer,37.5,7.5,83,67
4,writer,50,1.5,67,56
4,writer,50,3,82,64
4,writer,50,4.5,87,68
4,writer,50,6,87,69
4,writer,50,7.5,82,65
4,writer,100,1.5,66,55
4,writer,100,3,82,59
4,writer,100,4.5,86,55
4,writer,100,6,84,50
4,writer,100,7.5,72,40
